Workbook

Sheet Assessment Overview
A1: FedRAMP 20x Assessment Overview
A2: Meridian Knowledge Systems MKS
A5: ASSESSMENT INFORMATION
A6: Assessor: | B6: Fortreum LLC | E6: Assessment Type: | F6: Initial Assessment
A7: Client: | B7: Meridian Knowledge Systems | E7: System: | F7: MKS
A8: Period: | B8: 2025-05-20 to 2025-06-06 | E8: Scope: | F8: All KSI, and All MAS Requirements
A10: KEY SECURITY INDICATORS
A11: FedRAMP Key Security Indicators (KSIs) summarize the capabilities that satisfy FedRAMP security requirements aligned to NIST SP 800-53. Each Key Security Indicator includes critical security capabilities that must be met and validated. These capabilities are designed to provide a concrete approach to evaluating cloud security risks that can often be derived automatically from technical configurations.
A12: The following rules ALWAYS apply to ALL FedRAMP 20x authorizations:
A13: FRR-KSI-01: Cloud service providers MUST apply ALL Key Security Indicators to ALL aspects of their cloud service offering that are within the FedRAMP Minimum Assessment Scope.
A14: The following rules provide general guidance on the application of Key Security Indicators:
A15: FRR-KSI-AY-01: All parties SHOULD follow FedRAMP's best practices and technical assistance on assessing Key Security Indicators where applicable.
A16: FRR-KSI-AY-02: (INTERIM RULE) All parties SHOULD continuously monitor and review materials in the FedRAMP 20x Phase One (20xP1) pilot requirements and the 20x Community Working Group. Additional details, interim best practices and technical assistance, answers to common questions, and more will be provided asynchronously during 20xP1.
A18: KSI COMPLIANCE SUMMARY
A19: KSI ID | B19: KSI Name | C19: Total Requirements | D19: Requirements Met | E19: Requirements Partially Met | F19: Requirements Not Met | G19: Overall Status | H19: Automation Status | I19: Mitigation Required
A20: KSI-CNA | B20: Cloud Native Architecture | C20: =COUNTIFS('KSI Requirements'!A:A,"KSI-CNA") -> 7 | D20: =COUNTIFS('KSI Requirements'!A:A,"KSI-CNA", 'KSI Requirements'!H:H, TRUE) -> 5 | E20: =COUNTIFS('KSI Requirements'!A:A,"KSI-CNA", 'KSI Requirements'!H:H, "PARTIAL") -> 2 | F20: =COUNTIFS('KSI Requirements'!A:A,"KSI-CNA", 'KSI Requirements'!H:H, FALSE) -> 0 | G20: 0.93 | H20: ='KSI Assessment Details'!H4 -> Fully Automated | I20: No
A21: KSI-SVC | B21: Service Configuration | C21: =COUNTIFS('KSI Requirements'!A:A,"KSI-SVC") -> 7 | D21: =COUNTIFS('KSI Requirements'!A:A,"KSI-SVC", 'KSI Requirements'!H:H, TRUE) -> 7 | E21: =COUNTIFS('KSI Requirements'!A:A,"KSI-SVC", 'KSI Requirements'!H:H, "PARTIAL") -> 0 | F21: =COUNTIFS('KSI Requirements'!A:A,"KSI-SVC", 'KSI Requirements'!H:H, FALSE) -> 0 | G21: 0.78 | H21: ='KSI Assessment Details'!H5 -> Fully Automated | I21: Partial
A22: KSI-IAM | B22: Identity and Access Management | C22: =COUNTIFS('KSI Requirements'!A:A,"KSI-IAM") -> 6 | D22: =COUNTIFS('KSI Requirements'!A:A,"KSI-IAM", 'KSI Requirements'!H:H, TRUE) -> 6 | E22: =COUNTIFS('KSI Requirements'!A:A,"KSI-IAM", 'KSI Requirements'!H:H, "PARTIAL") -> 0 | F22: =COUNTIFS('KSI Requirements'!A:A,"KSI-IAM", 'KSI Requirements'!H:H, FALSE) -> 0 | G22: 1 | H22: ='KSI Assessment Details'!H6 -> Fully Automated | I22: No
A23: KSI-MLA | B23: Monitoring, Logging, and Auditing | C23: =COUNTIFS('KSI Requirements'!A:A,"KSI-MLA") -> 6 | D23: =COUNTIFS('KSI Requirements'!A:A,"KSI-MLA", 'KSI Requirements'!H:H, TRUE) -> 5 | E23: =COUNTIFS('KSI Requirements'!A:A,"KSI-MLA", 'KSI Requirements'!H:H, "PARTIAL") -> 1 | F23: =COUNTIFS('KSI Requirements'!A:A,"KSI-MLA", 'KSI Requirements'!H:H, FALSE) -> 0 | G23: 0.92 | H23: ='KSI Assessment Details'!H7 -> Fully Automated | I23: Partial
A24: KSI-CMT | B24: Change Management | C24: =COUNTIFS('KSI Requirements'!A:A,"KSI-CMT") -> 5 | D24: =COUNTIFS('KSI Requirements'!A:A,"KSI-CMT", 'KSI Requirements'!H:H, TRUE) -> 4 | E24: =COUNTIFS('KSI Requirements'!A:A,"KSI-CMT", 'KSI Requirements'!H:H, "PARTIAL") -> 1 | F24: =COUNTIFS('KSI Requirements'!A:A,"KSI-CMT", 'KSI Requirements'!H:H, FALSE) -> 0 | G24: 0.9 | H24: ='KSI Assessment Details'!H8 -> Partially Automated | I24: Partial
A25: KSI-PIY | B25: Policy and Inventory | C25: =COUNTIFS('KSI Requirements'!A:A,"KSI-PIY") -> 7 | D25: =COUNTIFS('KSI Requirements'!A:A,"KSI-PIY", 'KSI Requirements'!H:H, TRUE) -> 5 | E25: =COUNTIFS('KSI Requirements'!A:A,"KSI-PIY", 'KSI Requirements'!H:H, "PARTIAL") -> 2 | F25: =COUNTIFS('KSI Requirements'!A:A,"KSI-PIY", 'KSI Requirements'!H:H, FALSE) -> 0 | G25: 0.96 | H25: ='KSI Assessment Details'!H9 -> Partially Automated | I25: Partial
A26: KSI-TPR | B26: Third-Party Information Resources | C26: =COUNTIFS('KSI Requirements'!A:A,"KSI-TPR") -> 4 | D26: =COUNTIFS('KSI Requirements'!A:A,"KSI-TPR", 'KSI Requirements'!H:H, TRUE) -> 3 | E26: =COUNTIFS('KSI Requirements'!A:A,"KSI-TPR", 'KSI Requirements'!H:H, "PARTIAL") -> 1 | F26: =COUNTIFS('KSI Requirements'!A:A,"KSI-TPR", 'KSI Requirements'!H:H, FALSE) -> 0 | G26: 0.88 | H26: ='KSI Assessment Details'!H10 -> Partially Automated | I26: No
A27: KSI-CED | B27: Cybersecurity Education | C27: =COUNTIFS('KSI Requirements'!A:A,"KSI-CED") -> 2 | D27: =COUNTIFS('KSI Requirements'!A:A,"KSI-CED", 'KSI Requirements'!H:H, TRUE) -> 2 | E27: =COUNTIFS('KSI Requirements'!A:A,"KSI-CED", 'KSI Requirements'!H:H, "PARTIAL") -> 0 | F27: =COUNTIFS('KSI Requirements'!A:A,"KSI-CED", 'KSI Requirements'!H:H, FALSE) -> 0 | G27: 1 | H27: ='KSI Assessment Details'!H11 -> Manual | I27: No
A28: KSI-RPL | B28: Recovery Planning | C28: =COUNTIFS('KSI Requirements'!A:A,"KSI-RPL") -> 4 | D28: =COUNTIFS('KSI Requirements'!A:A,"KSI-RPL", 'KSI Requirements'!H:H, TRUE) -> 2 | E28: =COUNTIFS('KSI Requirements'!A:A,"KSI-RPL", 'KSI Requirements'!H:H, "PARTIAL") -> 2 | F28: =COUNTIFS('KSI Requirements'!A:A,"KSI-R{:", 'KSI Requirements'!H:H, FALSE) -> 0 | G28: 0.75 | H28: ='KSI Assessment Details'!H12 -> Partially Automated | I28: No
A29: KSI-INR | B29: Incident Reporting | C29: =COUNTIFS('KSI Requirements'!A:A,"KSI-INR") -> 3 | D29: =COUNTIFS('KSI Requirements'!A:A,"KSI-INR", 'KSI Requirements'!H:H, TRUE) -> 3 | E29: =COUNTIFS('KSI Requirements'!A:A,"KSI-INR", 'KSI Requirements'!H:H, "PARTIAL") -> 0 | F29: =COUNTIFS('KSI Requirements'!A:A,"KSI-INR", 'KSI Requirements'!H:H, FALSE) -> 0 | G29: 1 | H29: ='KSI Assessment Details'!H13 -> Partially Automated | I29: No
A32: OVERALL ASSESSMENT RESULTS
A33: Total KSIs Assessed: | C33: =SUM(C20:C29) -> 51
A34: KSIs Met: | C34: =SUM(D20:D29) -> 42
A35: KSIs Partially Met: | C35: =SUM(E20:E29) -> 9
A36: KSIs Not Met: | C36: 0
A37: Overall Compliance: | C37: 0.8922
A38: Automation Level: | C38: 0.7451
A39: Total Requirements: | C39: 51

Sheet KSI Assessment Details
A1: Key Security Indicators - Detailed Assessment
A3: KSI Domain | B3: KSI ID | C3: KSI Name | D3: KSI Description | E3: Assessment Objective | F3: Test Method | G3: Automated Validation Tools | H3: Automation Status | I3: Observations/Test Results | J3: Evidence | K3: Met & Validated | L3: Recommendation for Mitigation
A4: Cloud Native Architecture | B4: KSI-CNA | C4: Cloud Native Architecture | D4: A secure cloud service offering will use cloud native architecture and design principles to enforce and enhance the Confidentiality, Integrity and Availability of the system. | E4: Verify Command Center implements cloud native architecture with proper network segmentation, immutable infrastructure, and high availability | F4: The KSI-CNA testing methods are outlined in the KSI Requirements tab of this workbook. These details specify the Fortreum assessment decisions for this KSI objective. | G4: AWS GuardDuty, AWS CloudFront, AWS Systems Manager, AWS Route Tables, AWS WAF, Amazon, EC2 Snapshots, Elastic Load Balancing, IAM Access Analyzer, VPC Network ACLs, VPC Security Groups, AWS VPC Flow Logs, AWS CloudWatch, AWS Lambda, AWS Route 53, AWS Autoscaling, AWS DynamoDB, AWS CodeBuilds, AWS SSM, AWS Backup, AWS Congig https://meridian-knowledge-solutions.github.io/fedramp_20x_public_submission_live/ | H4: Fully Automated | I4: Determination: Based on the comprehensive automation results across multiple categories, the environment demonstrates a strong adherence to AWS best practices and security principles. The infrastructure exhibits robust multi-layer traffic controls, effective ingress restrictions, and well-managed egress through NAT gateways and VPC endpoints. Logical networking is intentionally designed with advanced routing, segmentation, and traffic flow monitoring. The architecture minimizes attack surfaces and lateral movement through private subnets, custom security groups, and isolated services. High availability is ensured via multi-AZ deployments, resilient DNS, and backup strategies. The environment is fully managed through Terraform, promoting immutability and consistency, and includes comprehensive DoS protection with AWS Shield and WAF. Governance and compliance are well-supported with CloudTrail, KMS encryption, IAM best practices, and AWS Config readiness. Overall, the environment is well-architected, secure, resilient, and operationally mature, making it suitable for production-grade workloads or pilot deployments with minimal risk. | J4: 1. failed_ksi_Report_readable.md (git/validation folder) 2. continuous_ksi_results.json (git/results folder) 3, ksi_rules:KSI-CNA.01.md (docs/ksi_rules) 4. KSI-CNA.01-cli_output.json (KSI-CNA.01) 5. ksi_rules:KSI-CNA.02.md (docs/ksi_rules) 6. KSI-CNA.02-cli_output.json (KSI-CNA.02) 7. ksi_rules:KSI-CNA.03.md (docs/ksi_rules) 8. KSI-CNA.03-cli_output.json (KSI-CNA.03) 9. ksi_rules:KSI-CNA.04.md (docs/ksi_rules) 10. KSI-CNA.04-cli_output.json (KSI-CNA.04) 11. ksi_rules:KSI-CNA.05.md (docs/ksi_rules) 12. KSI-CNA.05-cli_output.json (KSI-CNA.05) 13. ksi_rules:KSI-CNA.06.md (docs/ksi_rules) 14. KSI-CNA.06-cli_output.json (KSI-CNA.06) 15. ksi_rules:KSI-CNA.07.md (docs/ksi_rules) 16. KSI-CNA.07-cli_output.json (KSI-CNA.07) | K4: Partial | L4: N/A - All requirements met
A5: Service Configuration | B5: KSI-SVC | C5: Service Configuration | D5: A secure cloud service offering will follow FedRAMP encryption policies, continuously verify information resource integrity, and restrict access to third-party information resources. | E5: Verify proper encryption implementation, configuration management, and security hardening across Command Center services | F5: The KSI-SVC testing methods are detailed in the KSI Requirements tab of this workbook. Those details specify the Fortreum assessment decisions related to this KSI objective. | G5: AWS Organizations, AWS GuardDuty, AWS CloudFront, AWS CloudFormation, AWS Systems Manager, AWS SecretsManager, AWS WAF, Amazon, EC2 Snapshots, Elastic Load Balancing, AWS CloudWatch, AWS CloudTrail, AWS KMS, AWS ACM, AWS IAM, AWS Config, AWS Inspector, AWS ECR, AWS Lambda https://meridian-knowledge-solutions.github.io/fedramp_20x_public_submission_live/ | H5: Fully Automated | I5: Determination: Meridian has a production-ready security posture across multiple domains, with strong system hardening, encryption, and governance. It features multi-layer defenses like security groups, centralized patch management, and threat detection. Encryption covers storage, databases, backups, and communication, supported by automated certificate management via AWS KMS and ACM. Configuration management uses AWS SSM, CloudFormation, and centralized secrets. Governance is enforced through AWS Organizations and SCPs, ensuring consistency. Some areas like real-time monitoring and vulnerability patching could improve, but the environment is secure, scalable, and compliant. | J5: 1. failed_ksi_Report_readable.md (git/validation folder) 2. continuous_ksi_results.json (git/results folder) 3. ksi_rules:KSI-SVC.01.md (docs/ksi_rules) 4. KSI-SVC.01-cli_output.json (KSI-SVC.01) 5. ksi_rules:KSI-SVC.02.md (docs/ksi_rules) 6. KSI-SVC.02-cli_output.json (KSI-SVC.02) 7. ksi_rules:KSI-SVC.03.md (docs/ksi_rules) 8. KSI-SVC.03-cli_output.json (KSI-SVC.03) 9. ksi_rules:KSI-SVC.04.md (docs/ksi_rules) 10. KSI-SVC.04-cli_output.json (KSI-SVC.04) 11. ksi_rules:KSI-SVC.05.md (docs/ksi_rules) 12. KSI-SVC.05-cli_output.json (KSI-SVC.05) 13. ksi_rules:KSI-SVC.06.md (docs/ksi_rules) 14. KSI-SVC.06-cli_output.json (KSI-SVC.06) 15. ksi_rules:KSI-SVC.7.md (docs/ksi_rules) 16. KSI-SVC.7-cli_output.json (KSI-SVC.7) | K5: TRUE | L5: WARNING Instances registered with SSM but none online EC2 instances are successfully registered with AWS Systems Manager (SSM), they are currently not in a state where they can be managed or accessed through SSM. This typically means that the instances appear in the Systems Manager console, but they are not actively communicating with the SSM service. Fortreum views this as a configuration issue and not a risk.
A6: Identity and Access Management | B6: KSI-IAM | C6: Identity and Access Management | D6: A secure cloud service offering will protect user data, control access, and apply zero trust principles. | E6: Validate implementation of MFA, least privilege access, and zero trust principles in Command Center | F6: The KSI-IAM testing methods are detailed in the KSI Requirements tab of this workbook. These details specify the Fortreum assessment decisions for this KSI objective. | G6: API Gateway, AWS WAF, AWS WorkSpaces, Active Directory GPO, Amazon Cognito, Command Center KSI-IAM Lambda, S3 Policy Storage https://meridian-knowledge-solutions.github.io/fedramp_20x_public_submission_live/ | H6: Fully Automated | I6: Determination: Meridian reflects a secure and modern identity and access management framework. It uses IAM Identity Center with full Okta federation, enforcing passwordless authentication and upstream MFA. The Okta version is phishing-resistant. Access is tightly controlled through role-based permission sets and temporary credentials. Traditional IAM usage is minimal and limited to service accounts. Security is further enhanced with GuardDuty, Security Hub, and automated response via EventBridge and Lambda. These controls support zero trust principles and ensure strong identity governance, authentication, and automated security enforcement across services. | J6: 1. failed_ksi_Report_readable.md (git/validation folder) 2. continuous_ksi_results.json (git/results folder) 3. ksi_rules:KSI-IAM.01.md (docs/ksi_rules) 4. KSI-IAM.01-cli_output.json (KSI-IAM.01) 5. ksi_rules:KSI-IAM.02.md (docs/ksi_rules) 6. KSI-IAM.02-cli_output.json (KSI-IAM.02) 7. ksi_rules:KSI-IAM.03.md (docs/ksi_rules) 8. KSI-IAM.03-cli_output.json (KSI-IAM.03) 9. ksi_rules:KSI-IAM.04.md (docs/ksi_rules) 10. KSI-IAM.04-cli_output.json (KSI-IAM.04) 11. ksi_rules:KSI-IAM.05.md (docs/ksi_rules) 12. KSI-IAM.05-cli_output.json (KSI-IAM.05) 13. ksi_rules:KSI-IAM.06.md (docs/ksi_rules) 14. KSI-IAM.06-cli_output.json (KSI-IAM.06) | K6: TRUE | L6: N/A - All requirements met
A7: Monitoring, Logging, and Auditing | B7: KSI-MLA | C7: Monitoring, Logging, and Auditing | D7: A secure cloud service offering will monitor, log, and audit all important events, activity, and changes. | E7: Verify comprehensive monitoring, centralized logging, and vulnerability management capabilities | F7: The KSI-MLA testing methods are detailed in the KSI Requirements tab of this workbook. These details specify the Fortreum assessment decisions for this KSI objective. | G7: AWS GuardDuty, AWS IAM, AWS SSO, AWS IdentityStore, AWS EC2, AWS CloudWatch, AWS CloudTrail, AWS SecurityHub, AWS Lambda, AWS Config. https://meridian-knowledge-solutions.github.io/fedramp_20x_public_submission_live/ | H7: Fully Automated | I7: Determination: Meridian demonstrates strong monitoring and logging capabilities aligned with enterprise security standards. CloudTrail and AWS Config provide audit and configuration tracking, while centralized log collection spans multiple services and applications with defined retention policies. Security Hub and Inspector enable advanced threat and vulnerability detection, supported by automated findings, insights, and remediation workflows. SNS topics and EventBridge rules facilitate alerting and response, though some areas like CloudWatch alarms and automated pipelines could be expanded. Overall, the environment supports effective SIEM operations, vulnerability management, and compliance monitoring across accounts. | J7: 1. failed_ksi_Report_readable.md (git/validation folder) 2. continuous_ksi_results.json (git/results folder) 3. ksi_rules:KSI-MLA.01.md (docs/ksi_rules) 4. KSI-MLA.01-cli_output.json (KSI-MLA.01) 5. ksi_rules:KSI-MLA.02.md (docs/ksi_rules) 6. KSI-MLA.02-cli_output.json (KSI-MLA.02) 7. ksi_rules:KSI-MLA.03.md (docs/ksi_rules) 8. KSI-MLA.03-cli_output.json (KSI-MLA.03) 9. ksi_rules:KSI-MLA.04.md (docs/ksi_rules) 10. KSI-MLA.04-cli_output.json (KSI-MLA.04) 11. ksi_rules:KSI-MLA.05.md (docs/ksi_rules) 12. KSI-MLA.05-cli_output.json (KSI-MLA.05) 13. ksi_rules:KSI-MLA.06.md (docs/ksi_rules) 14. KSI-MLA.06-cli_output.json (KSI-MLA.06) | K7: Partial | L7: WARNING Instances registered with SSM but none online EC2 instances are successfully registered with AWS Systems Manager (SSM), they are currently not in a state where they can be managed or accessed through SSM. This typically means that the instances appear in the Systems Manager console, but they are not actively communicating with the SSM service. Fortreum views this as a configuration issue and not a risk. WARNING No Config rules for infrastructure evaluation AWS Config is enabled in the MKS account, but there are currently no active Config rules set up to evaluate the compliance of the MKS infrastructure resources. AWS Config is a service that continuously monitors and records your AWS resource configurations and allows you to assess them against desired configurations using rules. Fortreum recommends that Meridian work to enable the config rules to evaluate the MKS resources.
A8: Change Management | B8: KSI-CMT | C8: Change Management | D8: A secure cloud service provider will ensure that all system changes are properly documented and configuration baselines are updated accordingly. | E8: Verify change management processes, configuration control, and security impact assessments | F8: The KSI-CMT testing methods are described in the KSI Requirements tab of this workbook. Those details specify the Fortreum assessment decisions for this KSI objective. | G8: AWS Config, AWS CloudWatch, AWS CloudTrail, AWS SSM, AWS Security Hub, Amazon ECR, AWS Config, AWS ELB, AWS Organizations https://meridian-knowledge-solutions.github.io/fedramp_20x_public_submission_live/ | H8: Partially Automated | I8: Determination: Meridian demonstrates strong configuration management practices. CloudFormation and SSM enforce consistent infrastructure and parameter baselines, while AWS Config records system changes. CloudTrail and SNS support change tracking and alerting. Immutable deployment is partially implemented, with room to expand coverage. Centralized governance via AWS Organizations and SCPs ensures policy enforcement across accounts. | J8: 1. failed_ksi_Report_readable.md (git/validation folder) 2. continuous_ksi_results.json (git/results folder) 3. ksi_rules:KSI-CMT.01.md (docs/ksi_rules) 4. KSI-CMT.01-cli_output.json (KSI-CMT.01) 5. ksi_rules:KSI-CMT.02.md (docs/ksi_rules) 6. KSI-CMT.02-cli_output.json (KSI-CMT.02) 7. ksi_rules:KSI-CMT.03.md (docs/ksi_rules) 8. KSI-CMT.03-cli_output.json (KSI-CMT.03) 9. ksi_rules:KSI-CMT.04.md (docs/ksi_rules) 10. KSI-CMT.04-cli_output.json (KSI-CMT.04) 11. ksi_rules:KSI-CMT.05.md (docs/ksi_rules) 12. KSI-CMT.05-cli_output.json (KSI-CMT.05) 13. automated_testing_proof.json (KSI-CMT.03) 14. Chedkov_scan_summary.json (KSI-CMT.03) 15. configuration_management_plan (KSI-CMT.04) 16. configuration_management_policy_and_procedures (KSI-CMT.04) 17. weekly_change_management_meeting_final.png (KSI-CMT.04) 18. Change Impact Analysis Template (KSI-CMT-05) 19. Risk Assessment Procedure for Change Management (KSI-CMT-05) | K8: TRUE | L8: WARNING No launch templates for immutable instance deployment The MKS environment is not using launch templates to manage EC2 instance configurations, which is a recommended best practice for implementing immutable infrastructure. Fortreum recommends that Meridian work on the CI/CD development flow replacing instances entirely rather modifying them in place. As the environment is new, this considered to be a maturity of the SDLC practice. WARNING Lambda functions found but not using versioning for immutability AWS Lambda functions are deployed without using versioning, which is a key practice for maintaining immutable infrastructure. Fortreum recommends versioning Lambda functions to mature the development practice.
A9: Policy and Inventory | B9: KSI-PIY | C9: Policy and Inventory | D9: A secure cloud service offering will have intentional, organized, universal guidance for how every information resource, including personnel, is secured. | E9: Verify comprehensive inventory management, security policies, and organizational commitment | F9: The KSI-PIY testing methods are outlined in the KSI Requirements tab of this workbook. These details specify the Fortreum assessment decisions for this KSI objective. | G9: AWS CodeCommit, AWS Config, Command Center KSI-PIY Lambda, S3 Document Storage, S3 Documentation, S3 Policy Storage https://meridian-knowledge-solutions.github.io/fedramp_20x_public_submission_live/ | H9: Partially Automated | I9: Determination: Based on the KSI validation requirement, Fortreum determined that Meridian maintains a documented but partially automated approach to inventory, policy, and secure development. A tagged AWS resource inventory is supported by manual records, while security policies, SDLC procedures, and supply chain risk management are well-documented. Vulnerability disclosure and evaluation processes are in place, though integration with automated pipelines and source control is limited. Expanding automation and inventory coverage will enhance visibility, governance, and incident response. | J9: 1. failed_ksi_Report_readable.md (git/validation folder) 2. continuous_ksi_results.json (git/results folder) 3. ksi_rules:KSI-PIY.01.md (docs/ksi_rules) 4. KSI-PIY.01-cli_output.json (KSI-PIY.01) 5. ksi_rules:KSI-PIY.02.md (docs/ksi_rules) 6. KSI-PIY.02-cli_output.json (KSI-PIY.02) 7. ksi_rules:KSI-PIY.03.md (docs/ksi_rules) 8. KSI-PIY.03-cli_output.json (KSI-PIY.03) 9. ksi_rules:KSI-PIY.04.md (docs/ksi_rules) 10. KSI-PIY.04-cli_output.json (KSI-PIY.04) 11. ksi_rules:KSI-PIY.05.md (docs/ksi_rules) 12. KSI-PIY.05-cli_output.json (KSI-PIY.05) 13. ksi_rules:KSI-PIY.06.md (docs/ksi_rules) 14. KSI-PIY.06-cli_output.json (KSI-PIY.06) 15. ksi_rules:KSI-PIY.7.md (docs/ksi_rules) 16. KSI-PIY.7-cli_output.json (KSI-PIY.7) 17. data_classification_handling_policy (KSI-PIY.02) 18. personnel_security_policy (KSI-PIY.02) 19. security_policy_collection_repository.zip (KSI-PIY.02) 20. Information Resource Evaluation Methodology (KSI-PIY-05) 21. security_budget_allocation_and_roles (KSI-PIY.06) 22. Software Supply Chain Risk Management Framework (KSI-PIY-07) 23. Inspected weekly_change_management_meeting_final.png | K9: Partial | L9: WARNING Partial inventory coverage (expand documentation): PASS AWS resource inventory: 73 tagged resources discovered. Fortreum recommends fixing the AWS inventory rule. Reviewed the inventory manually. WARNING Basic secure development practices (expand documentation): INFO No CodeCommit repositories (may use external source control). Fortreum recommends maturing the development practice.
A10: Third-Party Information Resources | B10: KSI-TPR | C10: Third-Party Information Resources | D10: A secure cloud service offering will understand, monitor, and manage supply chain risks from third-party information resources. | E10: Verify third-party resource identification, FedRAMP compliance verification, and supply chain risk management | F10: The KSI-TPR testing methods are described in the KSI Requirements tab of this workbook. Those details explain the Fortreum assessment decisions for this KSI objective. | G10: AWS Config, AWS Organizations, Command Center KSI-TPR Lambda, Inspector, S3 Monitoring Evidence, S3 Risk Assessment Storage, S3 SBOM Storage, Security Hub https://meridian-knowledge-solutions.github.io/fedramp_20x_public_submission_live/ | H10: Partially Automated | I10: Determination: Based on the KSI validation requirement, Fortreum determined that Meridian demonstrates a structured approach to managing third-party and supply chain risks, with documented inventories and monitoring practices in place. A partial third-party inventory is supported by artifacts such as third_party_inventory.xlsx and sbom_including_elastic.json, although coverage should be expanded. FedRAMP authorization and secure configuration of federal data services are tracked through manual reviews and supporting documentation. Supply chain risk assessments, vendor attestations, and vulnerability monitoring are documented and actively maintained. Inspector findings confirm that contracts and notification agreements support the detection of third-party component vulnerabilities and upstream monitoring. While automation is limited, the foundation for secure third-party management is established, with opportunities to enhance visibility and integration. | J10: 1. failed_ksi_Report_readable.md (git/validation folder) 2. continuous_ksi_results.json (git/results folder) 3. ksi_rules:KSI-TPR.01.md (docs/ksi_rules) 4. KSI-TPR.01-cli_output.json (KSI-TPR.01) 5. ksi_rules:KSI-TPR.02.md (docs/ksi_rules) 6. KSI-TPR.02-cli_output.json (KSI-TPR.02) 7. ksi_rules:KSI-TPR.03.md (docs/ksi_rules) 8. KSI-TPR.03-cli_output.json (KSI-TPR.03) 9. ksi_rules:KSI-TPR.04.md (docs/ksi_rules) 10. KSI-TPR.04-cli_output.json (KSI-TPR.04) 11. FedRAMP_Low_Boundary_Diagram.pdf (KSI-TPR.02) 12. Federal Information Mapping - Meridian LMS.pdf(KSI-TPR.02) 13. Inspected Software Supply Chain Risk Management Framework (KSI-PIY-07) | K10: Partial | L10: N/A - All requirements met
A11: Cybersecurity Education | B11: KSI-CED | C11: Cybersecurity Education | D11: A secure cloud service provider will continuously educate their employees on cybersecurity measures, testing them regularly to ensure their knowledge is satisfactory. | E11: Verify comprehensive security training program for all employees and role-specific training | F11: The KSI-CED testing methods are outlined in the KSI Requirements tab of this workbook. Those details specify the Fortreum assessment decisions for this KSI objective. | G11: Manual Review KSI-CED-01 - cyber_security_Training.png - fedramp_role_based.png - security_training_roster.png https://meridian-knowledge-solutions.github.io/fedramp_20x_public_submission_live/ | H11: Manual | I11: Determination: Based on the KSI validation requirement, Fortreum determined that Meridian met the Cybersecurity Education requirement. | J11: 1. https://github.com/Meridian-Knowledge-Solutions/fedramp-20x-submission-final/tree/main/evidence_v2/KSI-CED-01 - cyber_security_Training.png - fedramp_role_based.png - security_training_roster.png 2. ksi_rules: KSI-CED.01.md (docs/ksi_rules) 3. Examined training records for Adam Bell, Adam Burroughs, Adrianna Bennett, Aubrey Zuro, Gabriel Crockett, Jake Silvers, James Hetzel, James Morris, Kirk Weir, Linda Sung, Quin Crease, Samuel Mbah, and Scott VanSooy. | K11: TRUE | L11: N/A - All requirements met
A12: Recovery Planning | B12: KSI-RPL | C12: Recovery Planning | D12: A secure cloud service offering will define, maintain, and test incident response plan(s) and recovery capabilities to ensure minimal service disruption and data loss during incidents and contingencies. | E12: Verify recovery objectives are defined, plans are maintained, and recovery capabilities are tested | F12: The KSI-RPL testing methods are outlined in the KSI Requirements tab of this workbook. These details specify the Fortreum assessment decisions for this KSI objective. | G12: AWS RDS, AWS Backup, AWS EC2 https://meridian-knowledge-solutions.github.io/fedramp_20x_public_submission_live/ | H12: Partially Automated | I12: Determination: Based on the KSI validation requirement, Fortreum determined that Meridian has a well-documented and technically validated approach to recovery planning, and resilience is necessary. RTO and RPO objectives are clearly defined and aligned with business impact analysis, supported by validated infrastructure configurations and backup plans. Recovery plans—including disaster recovery, incident response, and business continuity—are documented, maintained, and tested through tabletop exercises and restore operations. Testing results and lessons learned are reviewed to improve readiness. While some areas could benefit from deeper automation, the environment meets core recovery objectives and supports operational continuity through structured planning, regular testing, and validated backup infrastructure. | J12: 1. failed_ksi_Report_readable.md (git/validation folder) 2. continuous_ksi_results.json (git/results folder) 3. ksi_rules:KSI-RPL.01.md (docs/ksi_rules) 4. KSI-RPL.01-cli_output.json (KSI-RPL.01) 5. ksi_rules:KSI-RPL.02.md (docs/ksi_rules) 6. KSI-RPL.02-cli_output.json (KSI-RPL.02) 7. ksi_rules:KSI-RPL.03.md (docs/ksi_rules) 8. KSI-RPL.03-cli_output.json (KSI-RPL.03) 9. ksi_rules:KSI-RPL.04.md (docs/ksi_rules) 10. contingency plan test report (KSI-RPL-04) 11, Contingency Plan (KSI-RPL-01) 12. Combined Tabletop Test Report (KSI-RPL-01) 13. RTO RPO Definitions (KSI-RPL-01) 14. contingency plan test report (KSI-RPL-04) | K12: Partial | L12: N/A - All requirements met
A13: Incident Reporting | B13: KSI-INR | C13: Incident Reporting | D13: A secure cloud service offering will document, report, and analyze security incidents to ensure regulatory compliance and continuous security improvement. | E13: Verify incident reporting procedures, logging capabilities, and lessons learned processes | F13: The KSI-INR testing methods are outlined in the KSI Requirements tab of this workbook. Those details describe the Fortreum assessment decisions for this KSI objective. | G13: AWS Logs, AWS SecurityHub https://meridian-knowledge-solutions.github.io/fedramp_20x_public_submission_live/ | H13: Partially Automated | I13: Determination: Based on the KSI validation requirement, Fortreum determined that Meridian established a structured and policy-driven incident response program aligned with FedRAMP requirements. Incident reporting procedures are documented, including timelines, roles, and communication protocols, and are supported by tabletop exercises and after-action reports. Security incidents are logged and reviewed regularly, with pattern analysis and trend reports informing continuous improvement. Security Hub insights support incident tracking and log group configurations. After-action reports and lessons learned are maintained, although integration into operational updates could be strengthened. Overall, the environment supports effective incident detection, reporting, and response, with opportunities to enhance automation and operational feedback loops. | J13: 1. failed_ksi_Report_readable.md (git/validation folder) 2. continuous_ksi_results.json (git/results folder) 3. ksi_rules:KSI-INC.01.md (docs/ksi_rules) 4. KSI-INC.01-cli_output.json (KSI-INC.01) 5. ksi_rules:KSI-INC.02.md (docs/ksi_rules) 6. KSI-INC.02-cli_output.json (KSI-INC.02) 7. ksi_rules:KSI-INC.03.md (docs/ksi_rules) 8. KSI-INC.03-cli_output.json (KSI-INC.03) 9. ksi_rules:KSI-INC.04.md (docs/ksi_rules) 10. contingency plan test report (KSI-INC-04) 11. Combined Tabletop Test Report (KSI-INC-01) 12. After Action Report and Lessons Learned (KSI-INR-03) 13. Incident Tracking and Pattern Analysis System KSI-INR-02) | K13: TRUE | L13: N/A - All requirements met

Sheet KSI Requirements
A1: KSI Requirements Validation Details
A3: KSI ID | B3: KSI Name | C3: Requirement ID | D3: Requirement Text | E3: CSP Automated Validation Tools | F3: Automation Status | G3: 3PAO Observations/Test Results/Findings | H3: Validation Status | I3: Evidence
A4: KSI-CNA - Cloud Native Architecture
A5: KSI-CNA | B5: Cloud Native Architecture | C5: KSI-CNA-01 | D5: A secure cloud service offering will utilize cloud-native architecture and design principles to enforce and enhance the confidentiality, Integrity, and Availability of the system. Cloud service providers MUST: 01: Configure ALL information resources to limit inbound and outbound traffic. | E5: aws ec2 describe-security-groups --output json Analyze security groups for comprehensive ingress AND egress traffic controls aws ec2 describe-network-acls --output json Check Network ACLs for subnet-level traffic filtering (defense in depth) aws ec2 describe-route-tables --output json Validate route tables for controlled traffic routing and egress paths aws ec2 describe-nat-gateways --output json Check NAT Gateways for controlled egress traffic from private subnets aws ec2 describe-vpc-endpoints --output json Validate VPC endpoints for private service access (avoiding internet routing) aws wafv2 list-web-acls --scope REGIONAL --output json Check WAF for application-layer traffic filtering and protection aws elbv2 describe-load-balancers --output json Analyze load balancers for traffic distribution and access controls aws logs describe-log-groups --log-group-name-prefix /aws/vpc/flowlogs --output json Verify VPC Flow Logs for traffic monitoring and visibility (CloudWatch destination) | F5: Fully Automated | G5: Determination: Automation Results: PASS Strong multi-layer traffic controls (84%): PASS VPC infrastructure: 1 VPC(s) detected PASS Strong ingress controls: 13/14 security groups are restrictive FAIL Minimal egress controls: 1/14 security groups control outbound traffic PASS Default security group is properly secured PASS Custom network controls: 1/1 Network ACLs with custom traffic filtering rules PASS Controlled egress routing: 1 private route table with NAT gateway routing PASS Managed egress: 1 NAT gateway for controlled outbound access PASS Private service access: 7 VPC endpoints reduce internet-bound traffic PASS Application-layer protection: 1 WAF Web ACLs configured PASS Traffic distribution: 1 load balancer (1 public, 0 internal) PASS Traffic visibility: 1 VPC Flow Log group for traffic monitoring Manual Testing: None | H5: PARTIAL | I5: Examined: 1. failed_ksi_Report_readable.md (git/validation folder) 2. continuous_ksi_results.json (git/results folder) 3. ksi_rules:KSI-CNA.01.md (docs/ksi_rules) Tested: 1. Validated KSI-CNA.01-cli_output.json (KSI-CNA.01)
A6: KSI-CNA | B6: Cloud Native Architecture | C6: KSI-CNA-02 | D6: Automation Results: PASS Excellent attack surface minimization and lateral movement prevention (85%): PASS Strong attack surface minimization: 6/8 private subnets (75%) PASS Good AZ segmentation: 8 subnets across 2 availability zones PASS Strong micro-segmentation: 13/14 custom security groups PASS Lateral movement barriers: 7/14 security groups with specific rules PASS Minimal compute exposure: 4/4 instances in private subnets PASS Database isolation: All 1 RDS instances private PASS Controlled service exposure: Single internet-facing load balancer with private backend services PASS Lambda isolation: 1/3 functions in VPC PASS Advanced segmentation barriers: 1/1 Network ACLs with custom isolation rules Manual Testing: None | E6: aws cloudformation list-stacks --stack-status-filter CREATE_COMPLETE UPDATE_COMPLETE UPDATE_ROLLBACK_COMPLETE --output json Check CloudFormation stacks for immutable infrastructure deployment foundation aws ec2 describe-launch-templates --max-items 50 --output json Validate launch templates for immutable instance deployments with versioning aws ecr describe-repositories --max-items 50 --output json Assess ECR repositories for immutable container image deployments aws lambda list-functions --max-items 50 --output json Check Lambda functions for immutable serverless deployment patterns aws autoscaling describe-auto-scaling-groups --max-items 50 --output json Evaluate Auto Scaling Groups for immutable scaling patterns using launch templates aws ecs list-services --max-items 50 --output json 2>/dev/null || echo '{"serviceArns": []}' Check ECS services for immutable container orchestration (graceful fallback) aws deploy list-applications --output json Assess CodeDeploy applications for automated immutable deployment patterns aws elbv2 describe-target-groups --max-items 50 --output json Check load balancer target groups for blue/green immutable deployment infrastructure aws configservice describe-config-rules --output json Evaluate Config rules for immutable deployment compliance and governance aws organizations describe-organization --output json 2>/dev/null || echo '{"Organization": null}' Check for enterprise-wide immutable deployment governance through AWS Organizations | F6: Fully Automated | G6: Determination: Automation Results: PASS Excellent attack surface minimization and lateral movement prevention (85%): PASS Strong attack surface minimization: 6/8 private subnets (75%) PASS Good AZ segmentation: 8 subnets across 2 availability zones PASS Strong micro-segmentation: 13/14 custom security groups PASS Lateral movement barriers: 7/14 security groups with specific rules PASS Minimal compute exposure: 4/4 instances in private subnets PASS Database isolation: All 1 RDS instances private PASS Controlled service exposure: Single internet-facing load balancer with private backend services PASS Lambda isolation: 1/3 functions in VPC PASS Advanced segmentation barriers: 1/1 Network ACLs with custom isolation rules Manual Testing: None | H6: TRUE | I6: Examined: 1. failed_ksi_Report_readable.md (git/validation folder) 2. continuous_ksi_results.json (git/results folder) 3. ksi_rules:KSI-CNA.02.md (docs/ksi_rules) Tested: 1. Validated KSI-CNA.02-cli_output.json (KSI-CNA.02)
A7: KSI-CNA | B7: Cloud Native Architecture | C7: KSI-CNA-03 | D7: A secure cloud service offering will utilize cloud-native architecture and design principles to enforce and enhance the confidentiality, Integrity, and Availability of the system. 02: Design systems to minimize the attack surface and minimize lateral movement if compromised. | E7: aws ec2 describe-subnets --output json Analyze subnet segmentation for attack surface isolation (public vs private) aws ec2 describe-security-groups --output json Evaluate micro-segmentation and lateral movement prevention through security group rules aws ec2 describe-instances --output json Assess compute workload exposure and placement for attack surface minimization aws ec2 describe-network-acls --output json Check Network ACLs for subnet-level isolation and lateral movement barriers aws elbv2 describe-load-balancers --output json Analyze load balancer exposure patterns (internal vs internet-facing) aws lambda list-functions --output json Assess Lambda function isolation and VPC configuration for attack surface reduction aws rds describe-db-instances --output json Check database placement and exposure (should be in private subnets) | F7: Fully Automated | G7: Determination: Automation Results: PASS Comprehensive logical networking for traffic flow control (106%): PASS Logical routing infrastructure: 5/5 route tables with intentional traffic flows PASS Advanced routing patterns: 4 route tables with custom traffic control PASS Advanced network access control: 1/1 NACLs with custom traffic flow policies PASS Advanced service routing: 7 VPC endpoints (1 gateway, 4 interface, 2 GWLB) PASS Single-VPC architecture: No Transit Gateways needed (appropriate design) PASS Application-layer traffic control: 1 Application Load Balancers PASS Controlled egress routing: 1 active NAT Gateways PASS Traffic flow monitoring: 1 VPC Flow Log groups Manual Testing: None | H7: TRUE | I7: Examined: 1. failed_ksi_Report_readable.md (git/validation folder) 2. continuous_ksi_results.json (git/results folder) 3. ksi_rules:KSI-CNA.03.md (docs/ksi_rules) Tested: 1. Validated KSI-CNA.03-cli_output.json (KSI-CNA.03)
A8: KSI-CNA | B8: Cloud Native Architecture | C8: KSI-CNA-04 | D8: A secure cloud service offering will utilize cloud native architecture and design principles to enforce and enhance the confidentiality, Integrity, and Availability of the system. 04: Use immutable infrastructure with strictly defined functionality and privileges by default. | E8: aws ec2 describe-instances --query 'Reservations[*].Instances[*].[InstanceId,Tags,LaunchTime,ImageId]' --output json Analyze instance patterns for Terraform-managed immutable deployments (consistent tagging, recent launches) aws ec2 describe-launch-templates --output json Check launch templates for standardized, versioned instance deployment patterns aws autoscaling describe-auto-scaling-groups --output json Validate Auto Scaling Groups for instance replacement patterns (immutable scaling) aws ec2 describe-images --owners self --output json Check custom AMIs for versioned machine image pipeline (immutable base images) aws lambda list-functions --output json Validate serverless functions (immutable compute even in VM-focused architectures) aws s3api list-buckets --query 'Buckets[?contains(Name, terraform) || contains(Name, tfstate)]' --output json Detect Terraform state management patterns (S3 backend indicates mature IaC) aws dynamodb list-tables --output json Check for Terraform state locking tables (DynamoDB indicates advanced IaC patterns) aws codebuild list-projects --output json Check for CI/CD build projects (AMI pipelines, Terraform automation) aws ssm describe-parameters --output json Validate Systems Manager parameters for configuration management and versioning | F8: Fully Automated | G8: Determination: Automation Results: PASS Comprehensive Terraform-managed immutable infrastructure (62%): PASS Infrastructure as Code deployment: 4/4 instances with standardized deployment patterns PASS Immutable deployment patterns: 4/4 instances recently deployed (< 6 months) PASS Consistent naming patterns: 4/4 instances follow standardized naming PASS Serverless functions: 3 Lambda functions (inherently immutable) INFO No launch templates found INFO No Auto Scaling Groups found Manual Testing: None | H8: TRUE | I8: Examined: 1. failed_ksi_Report_readable.md (git/validation folder) 2. continuous_ksi_results.json (git/results folder) 3. ksi_rules:KSI-CNA.04.md (docs/ksi_rules) Tested: 1. Validated KSI-CNA.04-cli_output.json (KSI-CNA.04)
A9: KSI-CNA | B9: Cloud Native Architecture | C9: KSI-CNA-05 | D9: A secure cloud service offering will utilize cloud native architecture and design principles to enforce and enhance the confidentiality, Integrity, and Availability of the system. 05: Have denial of service protection. | E9: Check AWS Shield Advanced subscription for premium DDoS protection and response team aws wafv2 list-web-acls --scope REGIONAL --output json Validate WAF for application-layer DDoS protection and rate limiting aws wafv2 list-web-acls --scope CLOUDFRONT --output json Check CloudFront WAF for edge-based application protection aws cloudfront list-distributions --output json Verify CloudFront distributions for edge-based DDoS protection and traffic distribution aws elbv2 describe-load-balancers --output json Check load balancers for traffic distribution and DDoS mitigation capabilities aws autoscaling describe-auto-scaling-groups --output json Validate Auto Scaling Groups for capacity-based DDoS mitigation aws route53 list-hosted-zones --output json Check Route 53 for DNS-layer protection and traffic routing capabilities aws cloudwatch describe-alarms --output json Verify CloudWatch alarms for DDoS detection and automated response | F9: Fully Automated | G9: Determination: Automation Results: PASS Comprehensive DoS protection established (94%): PASS Network-layer protection: AWS Shield Standard (automatic DDoS protection) PASS Application-layer protection: 1 Regional WAF Web ACL(s) - meridian-waf-acl PASS Service resilience: 1 multi-AZ load balancer(s) providing traffic distribution PASS Internal DNS resilience: 1 private Route 53 hosted zone(s) Manual Testing: None | H9: PARTIAL | I9: Examined: 1. failed_ksi_Report_readable.md (git/validation folder) 2. continuous_ksi_results.json (git/results folder) 3. ksi_rules:KSI-CNA.05.md (docs/ksi_rules) Tested: 1. Validated KSI-CNA.05-cli_output.json (KSI-CNA.05)
A10: KSI-CNA | B10: Cloud Native Architecture | C10: KSI-CNA-06 | D10: A secure cloud service offering will utilize cloud native architecture and design principles to enforce and enhance the confidentiality, Integrity, and Availability of the system. 06: Design systems for high availability and rapid recovery. | E10: aws ec2 describe-subnets --output json Analyze subnet distribution across availability zones for network-level HA aws ec2 describe-availability-zones --output json Check available AZs in region for HA planning and validation aws rds describe-db-instances --output json Validate RDS Multi-AZ deployments and database high availability aws elbv2 describe-load-balancers --output json Check load balancers for application-layer HA and traffic distribution aws autoscaling describe-auto-scaling-groups --output json Validate Auto Scaling Groups for compute resilience and multi-AZ distribution aws backup list-backup-plans --output json Check backup plans for data protection and recovery capabilities aws ec2 describe-snapshots --owner-ids self --output json Validate EBS snapshot strategy for storage recovery aws s3api list-buckets --output json Check S3 buckets for storage redundancy and cross-region replication aws route53 list-hosted-zones --output json Validate DNS redundancy and health check capabilities | F10: Fully Automated | G10: Determination: Automation Results: PASS Excellent high availability design for pilot environment (100%): PASS Strong network HA: 8 subnets across 2 AZs PASS Balanced subnet distribution across availability zones PASS Application HA: 1 multi-AZ load balancer(s) providing traffic distribution PASS Active backup strategy: 1 AWS Backup plan(s) with recent execution PASS Storage redundancy: 2 S3 bucket(s) with built-in 11-9s durability PASS Database HA-ready: 1 RDS instance(s) with multi-AZ subnet groups (easily convertible) INFO Compute HA via Infrastructure as Code (Terraform-managed instances acceptable for pilot) PASS Storage recovery via centralized AWS Backup (may include EBS snapshots) PASS DNS infrastructure: 1 Route 53 hosted zone(s) Manual Testing: None | H10: TRUE | I10: Examined: 1. failed_ksi_Report_readable.md (git/validation folder) 2. continuous_ksi_results.json (git/results folder) 3. ksi_rules:KSI-CNA.06.md (docs/ksi_rules) Tested: 1. Validated KSI-CNA.06-cli_output.json (KSI-CNA.06)
A11: KSI-CNA | B11: Cloud Native Architecture | C11: KSI-CNA-07 | D11: A secure cloud service offering will utilize cloud native architecture and design principles to enforce and enhance the confidentiality, Integrity, and Availability of the system. 07: Ensure cloud-native information resources are implemented based on host provider's best practices and documented guidance. | E11: aws configservice describe-config-rules --output json Check AWS Config rules for compliance monitoring and best practice enforcement aws cloudtrail describe-trails --output json Validate CloudTrail configuration (security and operational excellence best practice) aws cloudtrail get-trail-status --name $(aws cloudtrail describe-trails --query 'trailList[0].Name' --output text) --output json 2>/dev/null || echo '{"IsLogging":false}' Check CloudTrail logging status (critical for accurate security assessment) aws kms list-keys --output json Check KMS key management (security best practice for encryption) aws iam get-account-summary --output json Analyze IAM configuration patterns (security best practices) aws ec2 describe-instances --output json Evaluate instance configuration for best practices (performance, reliability) aws elbv2 describe-load-balancers --output json Check load balancer implementation (reliability best practices) aws autoscaling describe-auto-scaling-groups --output json Validate Auto Scaling implementation (reliability and cost optimization) aws s3api list-buckets --output json Check S3 usage patterns (cost optimization and security best practices) aws cloudwatch describe-alarms --output json Validate monitoring implementation (operational excellence best practices) aws backup list-backup-plans --output json Check backup strategies (reliability best practices) aws organizations describe-organization --output json 2>/dev/null || echo '{"Organization":null}' Check AWS Organizations setup (governance and operational excellence best practices) | F11: Fully Automated | G11: Determination: Automation Results: PASS Excellent AWS best practices implementation (95%): PASS CloudTrail excellently configured: 'meridianks-Management-events' ready for activation (cost-optimized for pilot) PASS Multi-region audit coverage: CloudTrail spans all AWS regions PASS Log integrity protection: CloudTrail log file validation enabled PASS Encrypted audit logs: CloudTrail using KMS encryption PASS Global service monitoring: CloudTrail capturing global AWS events PASS Real-time log analysis: CloudTrail integrated with CloudWatch Logs PASS Enterprise governance: Organization-wide CloudTrail PASS Encryption key management: 11 KMS keys for data protection PASS IAM best practices: 55 roles vs 2 users (service-oriented architecture) PASS Excellent reliability architecture: 1/1 load balancers multi-AZ PASS Infrastructure as Code scaling: 4/4 Terraform-managed instances (superior to ASGs for pilot) PASS Active data protection: 1 backup plan(s) with recent execution PASS Performance optimization: 4/4 instances using modern types PASS Storage optimization: 2 S3 buckets (cost-effective storage) PASS Monitoring foundation ready: CloudWatch available (alarms optional for pilot environments) PASS Compliance service available: AWS Config ready for rule deployment (optional for pilot) PASS Enterprise governance: AWS Organizations with centralized management Manual Testing: None | H11: TRUE | I11: Examined: 1. failed_ksi_Report_readable.md (git/validation folder) 2. continuous_ksi_results.json (git/results folder) 3. ksi_rules:KSI-CNA.07.md (docs/ksi_rules) Tested: 1. Validated KSI-CNA.07-cli_output.json (KSI-CNA.07)
A12: KSI-SVC - Service Configuration
A13: KSI-SVC | B13: Service Configuration | C13: KSI-SVC-01 | D13: A secure cloud service off erring will enforce the use of approved cryptography, continuously verify component integrity, and restrict access to external services. 01:Harden and review network and system configurations | E13: aws ec2 describe-security-groups --output json Check security group configurations for network hardening and access control validation aws ec2 describe-instances --output json Review instance configurations and security settings for system hardening assessment aws ec2 describe-network-acls --output json Analyze Network ACLs for subnet-level traffic filtering and defense-in-depth validation aws config describe-config-rules --output json Check AWS Config rules for automated configuration compliance and hardening validation aws guardduty list-detectors --output json Validate GuardDuty threat detection service enablement for network and system security monitoring aws wafv2 list-web-acls --scope REGIONAL --output json Check Web Application Firewall configuration for application-layer hardening and protection aws ssm describe-patch-baselines --output json Analyze patch management baselines for systematic security updates and vulnerability remediation aws ssm describe-instance-information --output json Check Systems Manager coverage for centralized system configuration management and compliance aws inspector2 get-configuration --output json Validate Amazon Inspector for automated security assessments and vulnerability scanning aws organizations describe-organization --output json Check enterprise-wide security policies and organizational hardening standards across accounts | F13: Fully Automated | G13: Determination: Automation Results: PASS Production-ready multi-layer defense and automated compliance (72%): PASS Network hardening foundation: 14 security groups (14 hardened, 0 require review) PASS System configuration management: 4 instances configured PASS Comprehensive system management: 4/4 instances under SSM (100% coverage) PASS Automated patch management: 17 patch baselines configured INFO Config service available but no rules configured INFO 1 default Network ACLs (consider custom rules for enhanced security) PASS Threat detection enabled: 1 GuardDuty detectors monitoring for threats PASS Application layer protection: 1 Web ACLs configured PASS Enterprise-wide security governance: AWS Organizations enables centralized hardening policies PASS Advanced organization features: SCPs and advanced governance capabilities enabled Manual Testing: None | H13: TRUE | I13: Examined: 1. failed_ksi_Report_readable.md (git/validation folder) 2. continuous_ksi_results.json (git/results folder) 3. ksi_rules:KSI-SVC.01.md (docs/ksi_rules) Tested: 1. Validated KSI-SVC.01-cli_output.json (KSI-SVC.01)
A14: KSI-SVC | B14: Service Configuration | C14: KSI-SVC-02 | D14: A secure cloud service off erring will enforce the use of approved cryptography, continuously verify component integrity, and restrict access to external services. 02: Encrypt or otherwise secure network traffic. | E14: aws ec2 describe-security-groups --output json Check security group configurations for network hardening and access control validation aws ec2 describe-instances --output json Review instance configurations and security settings for system hardening assessment aws ec2 describe-network-acls --output json Analyze Network ACLs for subnet-level traffic filtering and defense-in-depth validation aws config describe-config-rules --output json Check AWS Config rules for automated configuration compliance and hardening validation aws guardduty list-detectors --output json Validate GuardDuty threat detection service enablement for network and system security monitoring aws wafv2 list-web-acls --scope REGIONAL --output json Check Web Application Firewall configuration for application-layer hardening and protection aws ssm describe-patch-baselines --output json Analyze patch management baselines for systematic security updates and vulnerability remediation aws ssm describe-instance-information --output json Check Systems Manager coverage for centralized system configuration management and compliance aws inspector2 get-configuration --output json Validate Amazon Inspector for automated security assessments and vulnerability scanning aws organizations describe-organization --output json Check enterprise-wide security policies and organizational hardening standards across accounts | F14: Fully Automated | G14: Determination: Automation Results: PASS Production-ready multi-layer traffic encryption and certificate management (65%): PASS Load balancer encryption capability: 1 load balancers configured for traffic encryption PASS Private service communication: 7 VPC endpoints (4 interface, 1 gateway) INFO No load balancer listeners configured INFO No CloudFront distributions for global traffic encryption PASS API encryption capability: 1 API Gateway endpoints (HTTPS by default) PASS Database encryption capability: 1 RDS instances (0 with encrypted storage) INFO No ElastiCache clusters for cache encryption PASS Automated certificate management: 2/2 active ACM certificates (100% healthy) INFO No VPN connections for hybrid connectivity encryption PASS Enterprise-wide encryption governance: AWS Organizations enables centralized traffic encryption policies PASS Advanced organization features: SCPs for encryption policy enforcement enabled Manual Testing: None | H14: TRUE | I14: Examined: 1. failed_ksi_Report_readable.md (git/validation folder) 2. continuous_ksi_results.json (git/results folder) 3. ksi_rules:KSI-SVC.02.md (docs/ksi_rules) Tested: 1. Validated KSI-SVC.02-cli_output.json (KSI-SVC.02)
A15: KSI-SVC | B15: Service Configuration | C15: KSI-SVC-03 | D15: A secure cloud service off erring will enforce the use of approved cryptography, continuously verify component integrity, and restrict access to external services. 03: Encrypt all federal and sensitive information at rest | E15: aws s3api list-buckets --output json Get S3 buckets for object storage encryption validation and federal data protection aws ec2 describe-volumes --output json Check EBS volume encryption status for block storage and instance data protection aws rds describe-db-instances --output json Validate RDS database encryption for structured data at rest and backup encryption aws rds describe-db-snapshots --owner-type self --output json Check RDS snapshot encryption for database backup and recovery data protection aws efs describe-file-systems --output json Check Elastic File System encryption for shared storage and distributed application data aws backup list-backup-vaults --output json Validate AWS Backup vault encryption for centralized backup data protection and compliance aws kms list-keys --output json Check KMS key management for enterprise encryption key governance and automated key rotation | F15: Fully Automated | G15: Determination: Automation Results: PASS Advanced at-rest encryption across multiple storage services (45%): PASS Object storage encryption: 2 S3 buckets configured (encryption validation requires bucket-level check) PASS Block storage encryption: 8/8 EBS volumes encrypted (100%) PASS Database encryption: 1/1 RDS instances encrypted (100%) PASS Backup encryption: 2/2 backup vaults encrypted (100%) PASS Encryption key infrastructure: 12 KMS keys (0 customer-managed, 12 AWS-managed) INFO Single-account deployment (appropriate for pilot/development) Manual Testing: None | H15: TRUE | I15: Examined: 1. failed_ksi_Report_readable.md (git/validation folder) 2. continuous_ksi_results.json (git/results folder) 3. ksi_rules:KSI-SVC.03.md (docs/ksi_rules) Tested: 1. Validated KSI-SVC.03-cli_output.json (KSI-SVC.03)
A16: KSI-SVC | B16: Service Configuration | C16: KSI-SVC-04 | D16: A secure cloud service off erring will enforce the use of approved cryptography, continuously verify component integrity, and restrict access to external services. 04: Manage configuration centrally | E16: aws ssm describe-parameters --output json Check Systems Manager Parameter Store for centralized configuration management and application settings aws config describe-configuration-recorders --output json Validate AWS Config for configuration compliance monitoring and change tracking aws ssm list-documents --document-filter-list key=DocumentType,value=Command --output json Check Systems Manager documents for configuration management workflows and deployment automation aws cloudformation list-stacks --stack-status-filter CREATE_COMPLETE UPDATE_COMPLETE --output json Validate CloudFormation for Infrastructure as Code configuration management and template-based deployment aws secretsmanager list-secrets --output json Check Secrets Manager for centralized secrets and sensitive configuration management aws ssm describe-patch-baselines --output json Analyze patch baselines for centralized system configuration management and compliance standards aws config describe-config-rules --output json Check Config rules for automated configuration compliance validation and policy enforcement aws ssm describe-instance-information --output json Validate Systems Manager agent coverage for centralized instance configuration management aws servicecatalog search-products --output json Check Service Catalog for standardized configuration templates and governed deployment patterns aws organizations describe-organization --output json Validate enterprise-wide configuration policies and organizational governance standards across accounts | F16: Fully Automated | G16: Determination: Automation Results: PASS Production-ready comprehensive configuration management with advanced automation (70%): PASS Parameter management: 6 SSM parameters for centralized configuration INFO AWS Config available but not configured PASS Configuration automation: 123 SSM documents (0 custom, 123 AWS-managed) PASS Infrastructure as Code: 8/8 successful CloudFormation stacks (100%) PASS Secure configuration management: 1 centrally managed secrets PASS System configuration standards: 17 patch baselines for standardized management INFO No Config rules for automated compliance validation WARNING Instances registered with SSM but none online INFO No Service Catalog products for configuration standardization PASS Enterprise-wide configuration governance: AWS Organizations enables centralized configuration policies PASS Advanced organization features: SCPs for configuration policy enforcement enabled Manual Testing: None | H16: TRUE | I16: Examined: 1. failed_ksi_Report_readable.md (git/validation folder) 2. continuous_ksi_results.json (git/results folder) 3. ksi_rules:KSI-SVC.04.md (docs/ksi_rules) Tested: 1. Validated KSI-SVC.04-cli_output.json (KSI-SVC.04)
A17: KSI-SVC | B17: Service Configuration | C17: KSI-SVC-05 | D17: A secure cloud service off erring will enforce the use of approved cryptography, continuously verify component integrity, and restrict access to external services. 05: Enforce system and information resource integrity through cryptographic means. | E17: aws cloudtrail describe-trails --output json Check CloudTrail log file validation for audit trail integrity and tamper-evident logging aws kms list-keys --output json Validate KMS keys available for cryptographic integrity protection and key-based verification aws kms list-aliases --output json Check KMS key aliases and management for cryptographic key governance and integrity protection aws s3api list-buckets --output json Analyze S3 bucket configurations for object integrity verification and versioning protection aws rds describe-db-instances --output json Check RDS database instances for backup encryption and transaction log integrity protection aws config describe-configuration-recorders --output json Validate AWS Config for configuration change integrity tracking and compliance monitoring aws cloudwatch describe-alarms --output json Check CloudWatch alarms for integrity violation detection and automated response triggers aws sns list-topics --output json Validate SNS topics for integrity event notification and stakeholder alerting workflows aws backup list-backup-vaults --output json Check AWS Backup vaults for backup integrity verification and cryptographic protection aws organizations describe-organization --output json Validate enterprise-wide integrity policies and organizational cryptographic governance standards across accounts | F17: Fully Automated | G17: Determination: Automation Results: PASS Cryptographic infrastructure: 12 KMS keys (0 customer-managed, 12 AWS-managed) PASS Key management governance: 4/21 customer-managed KMS aliases (19%) PASS Object integrity capability: 2 S3 buckets for versioning and object integrity protection PASS Database integrity: 1/1 RDS instances with encrypted storage (100%) INFO Config available but not configured for configuration integrity tracking PASS Backup integrity: 2/2 encrypted backup vaults (100%) INFO No CloudWatch alarms for integrity monitoring PASS Integrity notification infrastructure: 1 SNS topics for integrity event communication PASS Enterprise-wide integrity governance: AWS Organizations enables centralized cryptographic integrity policies PASS Advanced organization features: SCPs for cryptographic integrity policy enforcement enabled Manual Testing: None | H17: TRUE | I17: Examined: 1. failed_ksi_Report_readable.md (git/validation folder) 2. continuous_ksi_results.json (git/results folder) 3. ksi_rules:KSI-SVC.05.md (docs/ksi_rules) Tested: 1. Validated KSI-SVC.05-cli_output.json (KSI-SVC.05)
A18: KSI-SVC | B18: Service Configuration | C18: KSI-SVC-06 | D18: A secure cloud service off erring will enforce the use of approved cryptography, continuously verify component integrity, and restrict access to external services. 06: Use automated key management systems to manage, protect, and regularly rotate digital keys and certificates. | E18: aws kms list-keys --output json Check KMS keys for automated key management and cryptographic service availability aws acm list-certificates --output json Validate ACM certificates for automated certificate lifecycle management and SSL/TLS provisioning aws kms list-aliases --output json Analyze KMS key aliases for key management governance and organizational naming standards aws ssm describe-parameters --parameter-filters Key=Type,Values=SecureString --output json Check Systems Manager SecureString parameters for KMS-encrypted configuration management aws secretsmanager list-secrets --output json Validate Secrets Manager for automated secrets rotation and centralized credential management aws iam list-server-certificates --output json Check IAM server certificates for legacy certificate management and migration tracking aws cloudformation list-stacks --stack-status-filter CREATE_COMPLETE UPDATE_COMPLETE --output json Analyze CloudFormation stacks for Infrastructure as Code key management and automated provisioning aws config describe-config-rules --output json Check Config rules for key management compliance monitoring and policy enforcement aws cloudtrail lookup-events --lookup-attributes AttributeKey=EventName,AttributeValue=CreateKey --start-time 2025-05-01 --output json Validate key management audit trail for creation, rotation, and access tracking aws organizations describe-organization --output json Check enterprise-wide key management policies and organizational governance standards across accounts | F18: Fully Automated | G18: Determination: Automation Results: PASS Enterprise-grade comprehensive automated key management governance with rotation (90%): PASS Automated key management infrastructure: 12 KMS keys (0 customer-managed, 12 AWS-managed) PASS Automated certificate management: 2 ACM certificates (2 issued, 0 pending) PASS Key governance structure: 4/21 customer-managed aliases (19%) PASS Automated encryption integration: 4 KMS-encrypted SecureString parameters PASS Automated credential rotation: 1/1 secrets with automatic rotation (100%) PASS Modern certificate management: No legacy IAM certificates PASS Infrastructure as Code key management: 8/8 successful CloudFormation stacks (100%) INFO No Config rules for key management compliance monitoring PASS Key management audit trail: 4 recent key management events tracked PASS Enterprise-wide key management governance: AWS Organizations enables centralized key policies PASS Advanced organization features: SCPs for key management policy enforcement enabled Manual Testing: None | H18: TRUE | I18: Examined: 1. failed_ksi_Report_readable.md (git/validation folder) 2. continuous_ksi_results.json (git/results folder) 3. ksi_rules:KSI-SVC.06.md (docs/ksi_rules) Tested: 1. Validated KSI-SVC.06-cli_output.json (KSI-SVC.06)
A19: KSI-SVC | B19: Service Configuration | C19: KSI-SVC-07 | D19: A secure cloud service off erring will enforce the use of approved cryptography, continuously verify component integrity, and restrict access to external services. 7. Use a consistent, risk-informed approach for applying security patches | E19: aws ssm describe-patch-baselines --output json Check patch baselines for consistent patching approach and vulnerability management standards aws ssm describe-instance-information --output json Validate SSM agent coverage for automated patching and centralized system management aws ssm describe-patch-groups --output json Analyze patch groups for risk-informed patching segmentation and deployment scheduling aws ssm list-documents --document-filter-list key=DocumentType,value=Command --output json Check SSM documents for patch automation workflows and risk-informed deployment procedures aws ssm describe-maintenance-windows --output json Validate maintenance windows for controlled patch deployment and risk mitigation scheduling aws inspector2 get-configuration --output json Check Inspector for vulnerability-driven patch prioritization and risk assessment automation aws ecr describe-repositories --output json Analyze container registries for container image patching and vulnerability scanning integration aws lambda list-layers --output json Check Lambda layers for serverless runtime patching and dependency management aws config describe-config-rules --output json Validate Config rules for patch compliance monitoring and governance automation aws organizations describe-organization --output json Check enterprise-wide patch management policies and organizational risk-informed patching standards across accounts | F19: Fully Automated | G19: Determination: Automation Results: PASS Advanced risk-informed patching with controlled deployment and compliance (45%): PASS Consistent patch management: 17 patch baselines configured for standardized patching WARNING SSM agents installed but none online (4 total) INFO No patch groups configured for risk-based segmentation INFO No maintenance windows for controlled patch deployment PASS Patch automation framework: 14/123 documents for automated patching (11%) INFO No Inspector configuration for vulnerability-driven patching INFO No ECR repositories for container image patching INFO No Lambda layers for serverless runtime patching INFO No Config rules for patch compliance monitoring PASS Enterprise-wide patch governance: AWS Organizations enables centralized risk-informed patch policies PASS Advanced organization features: SCPs for patch management policy enforcement enabled Manual Testing: None | H19: TRUE | I19: Examined: 1. failed_ksi_Report_readable.md (git/validation folder) 2. continuous_ksi_results.json (git/results folder) 3. ksi_rules:KSI-SVC.7.md (docs/ksi_rules) Tested: 1. Validated KSI-SVC.7-cli_output.json (KSI-SVC.7)
A20: KSI-IAM - Identity and Access Management
A21: KSI-IAM | B21: Identity and Access Management | C21: KSI-IAM-01 | D21: A secure cloud service offering will protect user data, control access, and implement zero trust practices. 01: Enforce multi-factor authentication (MFA) using methods that are difficult to intercept or impersonate (phishing-resistant MFA) for all user authentication. | E21: aws iam list-users --output json Get traditional IAM users for MFA analysis aws iam list-mfa-devices --output json Check traditional IAM MFA devices aws sso-admin list-instances --output json Get Identity Center instances aws identitystore list-users --identity-store-id d-9067ccc0ff --output json Get Identity Center users for accurate user count | F21: Fully Automated | G21: Determination: Automation Results: PASS Identity Center users: 8 users PASS External IdP provisioning: 8/8 users via SCIM PASS Okta identity provider: 8/8 users with Okta IDs PASS Complete federation: 100% of users from external IdP PASS Minimal traditional IAM: 2 users (appropriate for federated architecture) PASS Traditional IAM users: Service accounts with federated MFA coverage upstream PASS Federated MFA enforcement: External IdP (Okta) enforces MFA upstream of AWS Manual Testing: None | H21: TRUE | I21: Examined: 1. failed_ksi_Report_readable.md (git/validation folder) 2. continuous_ksi_results.json (git/results folder) 3. ksi_rules:KSI-IAM.01.md (docs/ksi_rules) Tested: 1. Validated KSI-IAM.01-cli_output.json (KSI-IAM.01)
A22: KSI-IAM | B22: Identity and Access Management | C22: KSI-IAM-02 | D22: A secure cloud service offering will protect user data, control access, and implement zero trust practices. 02: Use secure passwordless methods for user authentication and authorization when feasible, otherwise enforce strong passwords with MFA. | E22: aws iam list-saml-providers --output json Check for federated authentication (passwordless method) aws iam list-virtual-mfa-devices --output json Validate MFA device configuration and enforcement aws iam get-account-password-policy --output json Check strong password policy enforcement when passwords are used aws iam list-users --output json Analyze user authentication patterns and requirements aws sts get-caller-identity --output json Validate current authentication method (temporary vs permanent credentials) | F22: Fully Automated | G22: Determination: Automation Results: PASS Excellent authentication security (passwordless methods): PASS 1 SAML providers configured (passwordless authentication) INFO No traditional MFA devices (not needed with SAML authentication) PASS No password policy needed (passwordless authentication in use) Manual Testing: None | H22: TRUE | I22: Examined: 1. failed_ksi_Report_readable.md (git/validation folder) 2. continuous_ksi_results.json (git/results folder) 3. ksi_rules:KSI-IAM.02.md (docs/ksi_rules) Tested: 1. Validated KSI-IAM.02-cli_output.json (KSI-IAM.02)
A23: KSI-IAM | B23: Identity and Access Management | C23: KSI-IAM-03 | D23: A secure cloud service offering will protect user data, control access, and implement zero trust practices. 03: Enforce appropriately secure authentication methods for non-user accounts and services. | E23: aws iam list-saml-providers --output json Check for federated authentication (passwordless method) aws iam list-virtual-mfa-devices --output json Validate MFA device configuration and enforcement aws iam get-account-password-policy --output json Check strong password policy enforcement when passwords are used aws iam list-users --output json Analyze user authentication patterns and requirements aws sts get-caller-identity --output json Validate current authentication method (temporary vs permanent credentials) | F23: Fully Automated | G23: Determination: Automation Results: PASS Using temporary credentials (passwordless method) INFO No traditional MFA devices (not needed with SAML authentication) PASS No password policy needed (passwordless authentication in use) Manual Testing: None | H23: TRUE | I23: Examined: 1. failed_ksi_Report_readable.md (git/validation folder) 2. continuous_ksi_results.json (git/results folder) 3. ksi_rules:KSI-IAM.03.md (docs/ksi_rules) Tested: 1. Validated KSI-IAM.03-cli_output.json (KSI-IAM.03)
A24: KSI-IAM | B24: Identity and Access Management | C24: KSI-IAM-04 | D24: A secure cloud service offering will protect user data, control access, and implement zero trust practices. 04: Use a least-privileged, role and attribute-based, and just-in-time security authorization model for all user and non-user accounts and services. | E24: aws sso-admin list-instances --output json Check for AWS IAM Identity Center (modern permission set approach) INSTANCE_ARN=$(aws sso-admin list-instances --query 'Instances[0].InstanceArn' --output text 2>/dev/null) && aws sso-admin list-permission-sets --instance-arn "$INSTANCE_ARN" --output json 2>/dev/null || echo '{"PermissionSets":[]}' ROBUST: Get instance ARN first, then list permission sets with proper error handling aws iam list-roles --output json Analyze traditional IAM roles for service accounts and legacy access patterns aws iam list-users --output json Check if users have direct policy attachments (anti-pattern for least privilege) aws sts get-caller-identity --output json Validate current session type (permission set session vs traditional credentials) aws iam get-account-summary --output json Get account-wide IAM usage patterns for authorization model assessment | F24: Fully Automated | G24: Determination: Automation Results: PASS Excellent modern authorization model (95%): PASS IAM Identity Center configured: 1 active instance(s) PASS Permission sets deployed: 3 sets (modern role-based access) PASS Modern authorization model: Permission sets provide role-based, attribute-based, and just-in-time access PASS Active permission sets: AdministratorAccess, Production, ReadOnlyAccess PASS Role-based access pattern: 33 user-oriented roles vs 2 users (23 service roles) PASS Controlled user count: 2 users (excellent for least privilege) PASS Controlled policy count: 3 custom policies (good least privilege) PASS Role-based session: Using temporary credentials (just-in-time access) Manual Testing: None | H24: TRUE | I24: Examined: 1. failed_ksi_Report_readable.md (git/validation folder) 2. continuous_ksi_results.json (git/results folder) 3. ksi_rules:KSI-IAM.04.md (docs/ksi_rules) Tested: 1. Validated KSI-IAM.04-cli_output.json (KSI-IAM.04)
A25: KSI-IAM | B25: Identity and Access Management | C25: KSI-IAM-05 | D25: A secure cloud service offering will protect user data, control access, and implement zero trust practices. 05: Apply zero trust design principles. | E25: aws sso-admin list-instances --output json Check IAM Identity Center for modern zero trust user access patterns aws identitystore list-users --identity-store-id $(aws sso-admin list-instances --query 'Instances[0].IdentityStoreId' --output text) --output json 2>/dev/null || echo '{"Users":[]}' List Identity Center users to detect federated MFA enforcement patterns (external IdP integration via SCIM/Okta) aws cloudtrail describe-trails --output json Validate continuous monitoring and verification logging (must be active) aws cloudtrail get-trail-status --name arn:aws:cloudtrail:us-east-1:155765116562:trail/meridianks-Management-events --output json Verify CloudTrail is actively logging (zero trust requires continuous monitoring) aws ec2 describe-security-groups --output json Analyze network micro-segmentation and least privilege network access aws ec2 describe-vpc-endpoints --output json Validate secure private communications (VPC endpoints for AWS services) aws iam list-virtual-mfa-devices --output json Check traditional IAM MFA devices (fallback for non-federated scenarios) aws sts get-caller-identity --output json Validate current session type (temporary credentials indicate zero trust access) | F25: Fully Automated | G25: Determination: Automation Results: PASS Comprehensive zero trust implementation (88%): PASS Modern identity platform: IAM Identity Center configured (1 instance(s)) PASS Federated MFA enforcement: External IdP (Okta) enforces MFA upstream of AWS PASS External IdP provisioning: 8/8 users via SCIM (100%) PASS Okta identity provider: 8/8 users with Okta IDs (100%) PASS Complete federation coverage: 100% of users from external IdP PASS Excellent network micro-segmentation: 13 restrictive vs 1 permissive security groups (93% restrictive) PASS Role-based credentials: Using assumed role session PASS Comprehensive secure communications: 7 VPC endpoints configured (4 interface, 1 gateway, 2 gateway-lb) PASS Active continuous monitoring: CloudTrail 'meridianks-Management-events' actively logging Manual Testing: None | H25: TRUE | I25: Examined: 1. failed_ksi_Report_readable.md (git/validation folder) 2. continuous_ksi_results.json (git/results folder) 3. ksi_rules:KSI-IAM.05.md (docs/ksi_rules) Tested: 1. Validated KSI-IAM.05-cli_output.json (KSI-IAM.05)
A26: KSI-IAM | B26: Identity and Access Management | C26: KSI-IAM-06 | D26: A secure cloud service offering will protect user data, control access, and implement zero trust practices. 06: Automatically disable or otherwise secure accounts with privileged access in response to suspicious activity. | E26: aws events list-rules --output json Check EventBridge rules for automated security response triggers (critical for automation) aws guardduty list-detectors --output json Validate GuardDuty threat detection service for suspicious activity identification aws securityhub describe-hub --output json Check Security Hub for centralized security findings and automated response coordination aws sso-admin list-instances --output json Validate Identity Center for built-in automated session and access controls aws configservice describe-config-rules --output json Check Config rules in management account for automated compliance remediation aws lambda list-functions --output json Identify automated response functions for account disabling and security actions aws cloudwatch describe-alarms --output json Check CloudWatch alarms for suspicious privileged account activity monitoring | F26: Fully Automated | G26: Determination: Automation Results: PASS Enterprise-grade automated response capabilities: PASS Advanced threat detection: GuardDuty enabled (1 detector(s)) PASS Centralized security management: Security Hub enabled PASS Automated security triggers: 7 active EventBridge rules PASS Modern identity automation: Identity Center configured (1 instance(s)) PASS Built-in automated identity controls: Session management, conditional access, risk-based authentication PASS Enterprise automated compliance: 369 Config rules for security across accounts PASS Automated response functions: 2 security automation functions PASS Enterprise automated monitoring: 1 security alarms across accounts PASS Enterprise multi-account security governance: Cross-account automation capabilities Manual Testing: None | H26: TRUE | I26: Examined: 1. failed_ksi_Report_readable.md (git/validation folder) 2. continuous_ksi_results.json (git/results folder) 3. ksi_rules:KSI-IAM.06.md (docs/ksi_rules) Tested: 1. Validated KSI-IAM.06-cli_output.json (KSI-IAM.06)
A27: KSI-MLA - Monitoring, Logging, and Auditing
A28: KSI-MLA | B28: Monitoring, Logging, and Auditing | C28: KSI-MLA-01 | D28: A secure cloud service offering will monitor, log, and audit all important events, activity, and changes. 01: Operate a Security Information and Event Management (SIEM) or similar system(s) for centralized, tamper-resistent logging of events, activities, and changes. | E28: aws cloudtrail describe-trails --output json Check CloudTrail for centralized, tamper-resistant logging foundation aws logs describe-log-groups --output json Validate centralized log collection and retention policies in CloudWatch aws cloudwatch describe-alarms --output json Check automated log analysis and real-time alerting capabilities aws kms list-keys --output json Validate cryptographic protection and encryption for sensitive logs aws config describe-delivery-channels --output json Check compliance-grade log delivery and audit trail mechanisms aws s3api list-buckets --output json Validate log archival, long-term storage, and forensic capabilities aws securityhub get-findings --max-results 20 --output json Check advanced threat detection and security event correlation aws organizations describe-organization --output json Validate enterprise-wide centralized logging and cross-account capabilities | F28: Fully Automated | G28: Determination: Automation Results: PASS Production-ready SIEM with advanced monitoring capabilities (69%): PASS CloudTrail foundation: 1 trails (0 active, 1 tamper-resistant) PASS Centralized log collection: 8 log groups (6 AWS services, 2 applications) PASS Log retention management: 8/8 log groups with retention policies PASS Compliance-grade retention: 4 log groups with long-term retention (365+ days) PASS Cryptographic infrastructure: 11 KMS keys available for log protection PASS Advanced threat detection: 20 Security Hub findings (4 active) PASS Enterprise-wide logging: AWS Organizations enables centralized multi-account SIEM PASS Multi-region audit coverage: 1 trails across all regions PASS Global service monitoring: 1 trails capturing global AWS events Manual Testing: None | H28: TRUE | I28: Examined: 1. failed_ksi_Report_readable.md (git/validation folder) 2. continuous_ksi_results.json (git/results folder) 3. ksi_rules:KSI-MLA.01.md (docs/ksi_rules) Tested: 1. Validated KSI-MLA.01-cli_output.json (KSI-MLA.01)
A29: KSI-MLA | B29: Monitoring, Logging, and Auditing | C29: KSI-MLA-02 | D29: A secure cloud service offering will monitor, log, and audit all important events, activity, and changes. 02: Regularly review and audit logs | E29: aws cloudwatch describe-alarms --output json Check CloudWatch alarms for automated log review and real-time monitoring aws logs describe-metric-filters --output json Validate metric filters for log pattern analysis and security event detection aws sns list-topics --output json Check SNS topics for log review notifications and alert delivery mechanisms aws logs describe-log-groups --output json Analyze log retention policies, encryption, and compliance-grade log management aws cloudtrail lookup-events --max-items 10 --output json Check recent audit events for manual and automated review process validation aws securityhub get-insights --output json Validate advanced log correlation, security analytics, and threat intelligence aws config describe-config-rules --output json Check automated compliance rules for log governance and audit trail validation aws lambda list-functions --output json Validate custom log processing, automated review functions, and intelligent analysis aws organizations describe-organization --output json Check enterprise-wide centralized log review and cross-account analysis capabilities | F29: Fully Automated | G29: Determination: Automation Results: PASS Production-ready log review with good automation (56%): PASS Log review notifications: 1 SNS topics for alert delivery PASS Manual review capability: 8 log groups available for analysis PASS Advanced log correlation: 1 Security Hub insights for intelligent analysis PASS Audit event analysis: 10 recent CloudTrail events available for review PASS Compliance retention: 8/8 log groups with retention policies PASS Long-term audit capability: 4 log groups with compliance-grade retention (365+ days) PASS Enterprise log aggregation: AWS Organizations enables centralized multi-account log review Manual Testing: None | H29: TRUE | I29: Examined: 1. failed_ksi_Report_readable.md (git/validation folder) 2. continuous_ksi_results.json (git/results folder) 3. ksi_rules:KSI-MLA.02.md (docs/ksi_rules) Tested: 1. Validated KSI-MLA.02-cli_output.json (KSI-MLA.02)
A30: KSI-MLA | B30: Monitoring, Logging, and Auditing | C30: KSI-MLA-03 | D30: A secure cloud service offering will monitor, log, and audit all important events, activity, and changes. 03: Rapidly detect and remediate or mitigate vulnerabilities | E30: aws securityhub get-enabled-standards --region us-east-1 --output json Check Security Hub standards for foundational vulnerability detection and compliance monitoring aws inspector2 get-configuration --output json Validate Inspector automated scanning for EC2, container, and application vulnerabilities aws securityhub get-findings --filters '{"RecordState":[{"Value":"ACTIVE","Comparison":"EQUALS"}]}' --max-results 50 --output json Analyze active security findings for rapid vulnerability detection and response assessment aws ssm describe-patch-baselines --output json Check automated patch management for rapid vulnerability remediation aws lambda list-functions --output json Validate automated response functions for vulnerability remediation and incident handling aws cloudwatch describe-alarms --output json Check real-time alerting for rapid vulnerability detection and notification aws config describe-config-rules --output json Validate continuous compliance monitoring for configuration vulnerability detection aws organizations describe-organization --output json Check enterprise-wide vulnerability management and cross-account detection capabilities | F30: Fully Automated | G30: Determination: Automation Results: PASS Advanced vulnerability management with automated remediation (78%): FAIL Security Hub not configured for vulnerability detection PASS Automated vulnerability scanning: Inspector EC2, ECR scanning enabled PASS Multi-service vulnerability coverage: Both EC2 and ECR scanning for comprehensive assessment PASS Automated patch management: 17 patch baselines (15 default, 2 custom) PASS Tailored remediation: 2 custom patch baselines for targeted vulnerability response PASS Active threat analysis: 11 active security findings (0 critical, 1 high) PASS Comprehensive threat detection: 5 different vulnerability types identified PASS Intelligent threat detection: Advanced pattern recognition and behavioral analysis capabilities PASS Enterprise vulnerability management: AWS Organizations enables centralized multi-account detection Manual Testing: None | H30: TRUE | I30: Examined: 1. failed_ksi_Report_readable.md (git/validation folder) 2. continuous_ksi_results.json (git/results folder) 3. ksi_rules:KSI-MLA.03.md (docs/ksi_rules) Tested: 1. Validated KSI-MLA.03-cli_output.json (KSI-MLA.03)
A31: KSI-MLA | B31: Monitoring, Logging, and Auditing | C31: KSI-MLA-04 | D31: A secure cloud service offering will monitor, log, and audit all important events, activity, and changes. 04: Perform authenticated vulnerability scanning on information resources. | E31: aws inspector2 list-coverage --output json Check Inspector coverage for authenticated vulnerability scanning of EC2 and container resources aws inspector2 get-configuration --output json Validate Inspector service enablement and scanning configuration status aws ec2 describe-instances --output json Analyze EC2 instances available for authenticated vulnerability scanning assessment aws ecr describe-repositories --output json Check container registries for authenticated container image vulnerability scanning aws lambda list-functions --output json Validate serverless functions for code vulnerability analysis and dependency scanning aws ssm describe-instance-information --output json Check Systems Manager agent coverage for authenticated system-level scanning aws securityhub get-findings --filters '{"ProductName":[{"Value":"Inspector","Comparison":"EQUALS"}]}' --max-results 20 --output json Analyze authenticated scanning results and vulnerability findings integration aws organizations describe-organization --output json Check enterprise-wide authenticated vulnerability scanning and cross-account coverage | F31: Fully Automated | G31: Determination: Automation Results: PASS Enterprise-grade authenticated vulnerability scanning with comprehensive coverage: PASS Inspector service operational: Responds to coverage queries and scanning requests PASS Comprehensive scanning coverage: 4/4 instances under authenticated scanning PASS Multi-service authenticated scanning: Inspector EC2, ECR scanning enabled PASS Comprehensive service scanning: Both EC2 and ECR authenticated vulnerability assessment enabled WARNING SSM agents configured but connectivity issues: 4 instances with connection problems PASS Serverless code analysis: 3 Lambda functions available for authenticated code vulnerability scanning PASS Active Lambda scanning: 3 functions actively scanned by Inspector PASS Comprehensive workload coverage: 3 service types available for authenticated scanning (EC2, Lambda, SSM) PASS Active vulnerability intelligence: 20 authenticated scan findings (0 critical, 5 high, 10 medium, 5 low) PASS Comprehensive vulnerability discovery: High-volume scanning indicates thorough authenticated assessment PASS Automated discovery: Inspector service can automatically detect and scan new resources PASS Enterprise scanning governance: AWS Organizations enables centralized multi-account vulnerability scanning PASS Enterprise scanning integration: Multi-service Inspector configuration for comprehensive authenticated assessment Manual Testing: None | H31: TRUE | I31: Examined: 1. failed_ksi_Report_readable.md (git/validation folder) 2. continuous_ksi_results.json (git/results folder) 3. ksi_rules:KSI-MLA.04.md (docs/ksi_rules) Tested: 1. Validated KSI-MLA.04-cli_output.json (KSI-MLA.04)
A32: KSI-MLA | B32: Monitoring, Logging, and Auditing | C32: KSI-MLA-05 | D32: A secure cloud service offering will monitor, log, and audit all important events, activity, and changes. 05: Perform Infrastructure as Code and configuration evaluation and testing. | E32: aws config describe-config-rules --output json Check Config rules for Infrastructure as Code evaluation and configuration compliance monitoring aws cloudformation list-stacks --stack-status-filter CREATE_COMPLETE UPDATE_COMPLETE --output json Validate CloudFormation stacks for Infrastructure as Code configuration testing and deployment aws cloudformation describe-stacks --output json Analyze detailed stack configuration for drift detection and infrastructure validation aws ssm describe-parameters --max-results 50 --output json Check Systems Manager Parameter Store for centralized configuration management aws codebuild list-projects --output json Validate automated Infrastructure as Code testing through build projects and validation pipelines aws codepipeline list-pipelines --output json Check for automated Infrastructure as Code deployment pipelines and change validation aws cloudtrail lookup-events --lookup-attributes AttributeKey=EventName,AttributeValue=CreateStack --start-time 2025-05-01 --output json Analyze deployment audit trail for Infrastructure as Code change tracking and compliance aws resourcegroupstaggingapi get-resources --resource-type-filters cloudformation --output json Check resource inventory and tag-based governance for Infrastructure as Code assets aws organizations describe-organization --output json Validate enterprise-level multi-account governance for Infrastructure as Code standardization aws servicecatalog search-products --output json Check standardized Infrastructure as Code templates and governance through Service Catalog | F32: Fully Automated | G32: Determination: Automation Results: PASS Enterprise-grade Infrastructure as Code evaluation and testing: PASS Infrastructure as Code deployment: 8/8 successful CloudFormation stacks PASS Parameterized configuration management: 6 SSM parameters WARNING No Config rules for infrastructure evaluation PASS Infrastructure drift detection: 8 stacks monitored INFO No automated testing projects (consider for production) INFO No automated deployment pipelines (consider for production) PASS Deployment audit trail: 2 tracked deployment events PASS Resource governance: 2 managed CloudFormation resources PASS Enterprise multi-account governance: AWS Organizations enabled Manual Testing: None | H32: PARTIAL | I32: Examined: 1. failed_ksi_Report_readable.md (git/validation folder) 2. continuous_ksi_results.json (git/results folder) 3. ksi_rules:KSI-MLA.05.md (docs/ksi_rules) Tested: 1. Validated KSI-MLA.05-cli_output.json (KSI-MLA.05)
A33: KSI-MLA | B33: Monitoring, Logging, and Auditing | C33: KSI-MLA-06 | D33: A secure cloud service offering will monitor, log, and audit all important events, activity, and changes. 06: Centrally track and prioritize the mitigation and/or remediation of identified vulnerabilities. | E33: aws securityhub get-findings --max-results 100 --output json Get Security Hub findings for centralized vulnerability tracking and severity analysis aws inspector2 list-findings --max-results 100 --output json Check Inspector findings for vulnerability prioritization and automated assessment results aws securityhub get-insights --max-results 50 --output json Analyze Security Hub insights for vulnerability trend analysis and prioritization patterns aws ssm describe-patch-groups --output json Check Systems Manager patch groups for vulnerability remediation tracking and automation aws ssm describe-patch-baselines --output json Validate patch baseline configurations for systematic vulnerability remediation workflows aws config get-compliance-summary-by-config-rule --output json Check Config rule compliance for configuration vulnerability tracking and remediation status aws cloudwatch describe-alarms --alarm-name-prefix SecurityHub --output json Validate CloudWatch alarms for automated vulnerability notification and escalation workflows aws sns list-topics --output json Check SNS topics for vulnerability notification and stakeholder communication automation aws events list-rules --name-prefix SecurityHub --output json Analyze EventBridge rules for automated vulnerability response and remediation orchestration aws organizations describe-organization --output json Check enterprise-wide vulnerability tracking policies and organizational remediation governance across accounts | F33: Fully Automated | G33: Determination: Automation Results: PASS Production-ready automated vulnerability tracking and remediation workflows: PASS Centralized tracking: 100 Security Hub findings (0 critical, 32 high, 7 active) PASS Vulnerability prioritization: 100 Inspector findings (0 critical, 32 high) PASS Vulnerability analytics: 1 Security Hub insights for trend analysis INFO No patch groups configured for remediation automation PASS Patch management: 17 patch baselines for vulnerability remediation workflows INFO No CloudWatch alarms configured for vulnerability alerting PASS Stakeholder communication: 1 SNS topics for vulnerability notifications INFO No EventBridge rules configured for automated vulnerability response PASS Enterprise governance: Organization-wide vulnerability tracking policies and remediation standards Manual Testing: None | H33: TRUE | I33: Examined: 1. failed_ksi_Report_readable.md (git/validation folder) 2. continuous_ksi_results.json (git/results folder) 3. ksi_rules:KSI-MLA.06.md (docs/ksi_rules) Tested: 1. Validated KSI-MLA.06-cli_output.json (KSI-MLA.06)
A34: KSI-CMT - Change Management
A35: KSI-CMT | B35: Change Management | C35: KSI-CMT-01 | D35: A secure cloud service provider will ensure that all system changes are properly documented and configuration baselines are updated accordingly. 01: Log and monitor system modifications | E35: aws cloudtrail describe-trails --output json Check CloudTrail for system modification logging and baseline change tracking aws configservice describe-configuration-recorders --output json Validate Config for configuration baseline recording and change monitoring aws configservice describe-config-rules --output json Assess Config rules for baseline compliance monitoring and automated enforcement aws cloudformation list-stacks --stack-status-filter CREATE_COMPLETE UPDATE_COMPLETE UPDATE_ROLLBACK_COMPLETE --output json Check CloudFormation stacks for Infrastructure as Code baseline templates aws ssm describe-parameters --max-items 50 --output json Evaluate SSM Parameter Store for configuration baseline management aws cloudwatch describe-alarms --max-records 50 --output json Check CloudWatch alarms for baseline violation monitoring and alerting aws sns list-topics --output json Assess SNS topics for baseline notification infrastructure aws configservice describe-remediation-configurations --config-rule-names $(aws configservice describe-config-rules --query 'ConfigRules[0:5].ConfigRuleName' --output text 2>/dev/null || echo 'none') --output json 2>/dev/null || echo '{"RemediationConfigurations": []}' Check Config remediation for automated baseline enforcement (graceful fallback) aws s3api list-buckets --output json Identify S3 buckets for baseline storage and configuration management aws organizations describe-organization --output json 2>/dev/null || echo '{"Organization": null}' Check for enterprise-wide baseline governance through AWS Organizations | F35: Fully Automated | G35: Determination: Automation Results: PASS Production-ready configuration baseline management with automated compliance (60%): PASS System modification logging configured: 1 CloudTrail trails (1 global events) PASS Configuration baseline recording: 1 Config recorders (1 comprehensive) INFO No Config rules for baseline compliance monitoring PASS Infrastructure baseline templates: 8/8 successful CloudFormation stacks (100%) PASS Configuration parameter baselines: 6 SSM parameters for standardized configuration PASS Drift detection capability: CloudFormation enables baseline drift detection INFO No CloudWatch alarms for baseline monitoring PASS Baseline notification infrastructure: 1 SNS topics for configuration alerts PASS Enterprise-wide baseline governance: AWS Organizations enables centralized configuration policies PASS Advanced organization features: SCPs for baseline policy enforcement enabled Manual Testing: None | H35: TRUE | I35: Examined: 1. failed_ksi_Report_readable.md (git/validation folder) 2. continuous_ksi_results.json (git/results folder) 3. ksi_rules:KSI-CMT.01.md (docs/ksi_rules) Tested: 1. Validated KSI-CMT.01-cli_output.json (KSI-CMT.01)
A36: KSI-CMT | B36: Change Management | C36: KSI-CMT-02 | D36: A secure cloud service provider will ensure that all system changes are properly documented and configuration baselines are updated accordingly. 02: Execute changes through redeployment of version controlled immutable resources rather than direct modification wherever possible | E36: aws cloudformation list-stacks --stack-status-filter CREATE_COMPLETE UPDATE_COMPLETE UPDATE_ROLLBACK_COMPLETE --output json Check CloudFormation stacks for immutable infrastructure deployment foundation aws ec2 describe-launch-templates --max-items 50 --output json Validate launch templates for immutable instance deployments with versioning aws ecr describe-repositories --max-items 50 --output json Assess ECR repositories for immutable container image deployments aws lambda list-functions --max-items 50 --output json Check Lambda functions for immutable serverless deployment patterns aws autoscaling describe-auto-scaling-groups --max-items 50 --output json Evaluate Auto Scaling Groups for immutable scaling patterns using launch templates aws ecs list-services --max-items 50 --output json 2>/dev/null || echo '{"serviceArns": []}' Check ECS services for immutable container orchestration (graceful fallback) aws deploy list-applications --output json Assess CodeDeploy applications for automated immutable deployment patterns aws elbv2 describe-target-groups --max-items 50 --output json Check load balancer target groups for blue/green immutable deployment infrastructure aws configservice describe-config-rules --output json Evaluate Config rules for immutable deployment compliance and governance aws organizations describe-organization --output json 2>/dev/null || echo '{"Organization": null}' Check for enterprise-wide immutable deployment governance through AWS Organizations | F36: Fully Automated | G36: Determination: Automation Results: PASS Advanced immutable deployment foundation - expand coverage (42%): PASS Immutable infrastructure foundation: 8/8 successful CloudFormation deployments (100%) WARNING No launch templates for immutable instance deployment INFO No ECR repositories for container-based immutable deployments WARNING Lambda functions found but not using versioning for immutability INFO No Auto Scaling Groups for immutable scaling patterns INFO No ECS services for container orchestration INFO No CodeDeploy applications for automated immutable deployments PASS Immutable deployment infrastructure: 2 target groups enabling blue/green immutable deployments INFO No Config rules for immutable deployment compliance monitoring PASS Configuration drift detection: CloudFormation enables immutable infrastructure drift monitoring PASS Enterprise-wide immutable deployment governance: AWS Organizations enables centralized deployment policies PASS Advanced organization features: SCPs for immutable deployment policy enforcement enabled Manual Testing: None | H36: PARTIAL | I36: Examined: 1. failed_ksi_Report_readable.md (git/validation folder) 2. continuous_ksi_results.json (git/results folder) 3. ksi_rules:KSI-CMT.02.md (docs/ksi_rules) Tested: 1. Validated KSI-CMT.02-cli_output.json (KSI-CMT.02)
A37: KSI-CMT | B37: Change Management | C37: KSI-CMT-03 | D37: A secure cloud service provider will ensure that all system changes are properly documented and configuration baselines are updated accordingly. 03: Implement automated testing and validation of changes prior to deployment | E37: Check evidence_v2/KSI-CMT-03/ for comprehensive Infrastructure as Code testing evidence files | F37: Manual | G37: Determination: Automation Results: None Manual Review: KSI-CMT.03 performed through manual inspection. | H37: TRUE | I37: Examined: 1. failed_ksi_Report_readable.md (git/validation folder) 2. continuous_ksi_results.json (git/results folder) 3. ksi_rules:KSI-CMT.03.md (docs/ksi_rules) Tested: 1. Validated KSI-CMT.03-cli_output.json (KSI-CMT.03) 2. Validated automated_testing_proof.json (KSI-CMT.03) 3. Validated Chedkov_scan_summary.json (KSI-CMT.03)
A38: KSI-CMT | B38: Change Management | C38: KSI-CMT-04 | D38: A secure cloud service provider will ensure that all system changes are properly documented and configuration baselines are updated accordingly. 04: Have a documented change management procedure | E38: Check evidence_v2/KSI-CMT-04/ for comprehensive change management documentation | F38: Manual | G38: Determination: Automation Results: None Manual Review: KSI-CMT.04 performed through manual inspection. | H38: TRUE | I38: Examined: 1. failed_ksi_Report_readable.md (git/validation folder) 2. continuous_ksi_results.json (git/results folder) 3. ksi_rules:KSI-CMT.04.md (docs/ksi_rules) Tested: 1. Validated KSI-CMT.04-cli_output.json (KSI-CMT.04) 2. Inspected configuration_management_plan (KSI-CMT.04) 3. Inspected configuration_management_policy_and_procedures (KSI-CMT.04) 4. Inspected weekly_change_management_meeting_final.png (KSI-CMT.04)
A39: KSI-CMT | B39: Change Management | C39: KSI-CMT-05 | D39: A secure cloud service provider will ensure that all system changes are properly documented and configuration baselines are updated accordingly. 05: Evaluate the risk and potential impact of any change | E39: Check evidence_v2/KSI-CMT-05/ for comprehensive risk and impact evaluation documentation | F39: Manual | G39: Determination: Automation Results: None Manual Review: KSI-CMT.05 performed through manual inspection. | H39: TRUE | I39: Examined: 1. failed_ksi_Report_readable.md (git/validation folder) 2. continuous_ksi_results.json (git/results folder) 3. ksi_rules:KSI-CMT.05.md (docs/ksi_rules) Tested: 1. Validated KSI-CMT.05-cli_output.json (KSI-CMT.05) 2. Inspected Change Impact Analysis Template (KSI-CMT-05) 3. Inspected Risk Assessment Procedure for Change Management (KSI-CMT-05) 4. Inspected configuration_management_plan (KSI-CMT.05) 5. Inspected configuration_management_policy_and_procedures (KSI-CMT.05)
A40: KSI-PIY - Policy and Inventory
A41: KSI-PIY | B41: Policy and Inventory | C41: KSI-PIY-01 | D41: A secure cloud service offering will have intentional, organized, universal guidance for how every asset, including personnel, is secured. 01: Have an up-to-date information resource inventory or code defining all deployed assets, software, and services. | E41: aws resourcegroupstaggingapi get-resources --output json Get comprehensive resource inventory across all AWS services Check evidence_v2/KSI-PIY-01/ for asset_inventory.xlsx and software_inventory.pdf | F41: Partially Automated | G41: Determination: Automation Results: WARNING Partial inventory coverage (expand documentation): PASS AWS resource inventory: 73 tagged resources discovered Manual Review: Check evidence_v2/KSI-PIY-01/ for asset_inventory.xlsx and software_inventory.pdf | H41: PARTIAL | I41: Examined: 1. failed_ksi_Report_readable.md (git/validation folder) 2. continuous_ksi_results.json (git/results folder) 3. ksi_rules:KSI-PIY.01.md (docs/ksi_rules) Tested: 1. Validated KSI-PIY.01-cli_output.json (KSI-PIY.01)
A42: KSI-PIY | B42: Policy and Inventory | C42: KSI-PIY-02 | D42: A secure cloud service offering will have intentional, organized, universal guidance for how every asset, including personnel, is secured. 02: Have policies outlining the security objectives of all information resources. | E42: Check evidence_v2/KSI-PIY-02/ for security_policy, information_security_objectives, and resource_security_standards | F42: Manual | G42: Determination: Automation Results: None Manual Review: KSI-PIY.02 performed through manual inspection. | H42: TRUE | I42: Examined: 1. failed_ksi_Report_readable.md (git/validation folder) 2. continuous_ksi_results.json (git/results folder) 3. ksi_rules:KSI-PIY.02.md (docs/ksi_rules) Tested: 1. Validated KSI-PIY.02-cli_output.json (KSI-PIY.02) 2. Inspected data_classification_handling_policy (KSI-PIY.02) 3. Inspected personnel_security_policy (KSI-PIY.02) 5. Inspected security_policy_collection_repository.zip (KSI-PIY.02)
A43: KSI-PIY | B43: Policy and Inventory | C43: KSI-PIY-03 | D43: A secure cloud service offering will have intentional, organized, universal guidance for how every asset, including personnel, is secured. 03: Maintain a vulnerability disclosure program | E43: Check evidence_v2/KSI-PIY-03/ for vulnerability_disclosure_policy and responsible_disclosure_program | F43: Manual | G43: Determination: Automation Results: None Manual Review: KSI-PIY.03 performed through manual inspection. | H43: TRUE | I43: Examined: 1. failed_ksi_Report_readable.md (git/validation folder) 2. continuous_ksi_results.json (git/results folder) 3. ksi_rules:KSI-PIY.03.md (docs/ksi_rules) Tested: 1. Validated KSI-PIY.03-cli_output.json (KSI-PIY.03) 2. Inspected vulnerability_disclosure_program_final (KSI-PIY.03)
A44: KSI-PIY | B44: Policy and Inventory | C44: KSI-PIY-04 | D44: A secure cloud service offering will have intentional, organized, universal guidance for how every asset, including personnel, is secured. 04: Build security considerations into the Software Development Lifecycle and align with CISA Secure By Design principles. | E44: aws codecommit list-repositories --output json Check code repositories for secure development practices Manual Review: Check evidence_v2/KSI-PIY-04/ for secure_sdlc_procedures.pdf and cisa_secure_by_design_alignment.pdf | F44: Partially Automated | G44: Determination: Automation Results: None WARNING Basic secure development practices (expand documentation): INFO No CodeCommit repositories (may use external source control) PASS Secure SDLC documentation: Secure Software Development Lifecycle (SDLC) Policy.pdf Check evidence_v2/KSI-PIY-04/ for secure_sdlc_procedures.pdf and cisa_secure_by_design_alignment.pdf | H44: PARTIAL | I44: Examined: 1. failed_ksi_Report_readable.md (git/validation folder) 2. continuous_ksi_results.json (git/results folder) 3. ksi_rules:KSI-PIY.04.md (docs/ksi_rules) Tested: 1. Validated KSI-PIY.04-cli_output.json (KSI-PIY.04)
A45: KSI-PIY | B45: Policy and Inventory | C45: KSI-PIY-05 | D45: A secure cloud service offering will have intentional, organized, universal guidance for how every asset, including personnel, is secured. 05: Document methods used to evaluate information resource implementations. | E45: Check evidence_v2/KSI-PIY-05/ for evaluation_methodology, security_assessment_procedures, and implementation_review_process | F45: Manual | G45: Determination: Automation Results: None Manual Review: KSI-PIY.05 performed through manual inspection. | H45: TRUE | I45: Examined: 1. failed_ksi_Report_readable.md (git/validation folder) 2. continuous_ksi_results.json (git/results folder) 3. ksi_rules:KSI-PIY.05.md (docs/ksi_rules) Tested: 1. Validated KSI-PIY.05-cli_output.json (KSI-PIY.05) 2. Inspceted Information Resource Evaluation Methodology (KSI-PIY-05)
A46: KSI-PIY | B46: Policy and Inventory | C46: KSI-PIY-06 | D46: A secure cloud service offering will have intentional, organized, universal guidance for how every asset, including personnel, is secured. 06: Have a dedicated staff and budget for security with executive support, commensurate with the size, complexity, scope, and risk of the service offering. | E46: Check evidence_v2/KSI-PIY-06/ for security_org_chart, security_budget_allocation, and executive_security_charter | F46: Manual | G46: Determination: Automation Results: None Manual Review: KSI-PIY.06 performed through manual inspection. | H46: TRUE | I46: Examined: 1. failed_ksi_Report_readable.md (git/validation folder) 2. continuous_ksi_results.json (git/results folder) 3. ksi_rules:KSI-PIY.06.md (docs/ksi_rules) Tested: 1. Validated KSI-PIY.06-cli_output.json (KSI-PIY.06) 2. Inspected security_budget_allocation_and_roles (KSI-PIY.06)
A47: KSI-PIY | B47: Policy and Inventory | C47: KSI-PIY-07 | D47: A secure cloud service offering will provide intentional, organized, and universal guidance on how every asset, including personnel, is secured. 07: Document risk management decisions for software supply chain security. | E47: Check evidence_v2/KSI-PIY-07/ for supply_chain_risk_management, vendor_security_assessments, and software_supply_chain_policy | F47: Manual | G47: Determination: Automation Results: None Manual Review: KSI-PIY.07 performed through manual inspection. | H47: TRUE | I47: Examined: 1. failed_ksi_Report_readable.md (git/validation folder) 2. continuous_ksi_results.json (git/results folder) 3. ksi_rules:KSI-PIY.07.md (docs/ksi_rules) Tested: 1. Validated KSI-PIY.07-cli_output.json (KSI-PIY.07) 2. Inspected Software Supply Chain Risk Management Framework (KSI-PIY-07) 3. Inspected weekly_change_management_meeting_final.png
A48: KSI-TPR - Third-Party Information Resources
A49: KSI-TPR | B49: Third-Party Information Resources | C49: KSI-TPR-01 | D49: A secure cloud service offering will understand, monitor, and manage supply chain risks from third-party services or components. 01: Identify all third-party information resources | E49: aws iam list-roles --query 'Roles[?contains(AssumeRolePolicyDocument, sts:AssumeRole)]' --output json Check for cross-account roles indicating third-party integrations Check evidence_v2/KSI-TPR-01/ for third_party_inventory.xlsx, saas_services_list.pdf, and vendor_registry.pdf | F49: Partially Automated | G49: Determination: Automation Results: WARNING Partial third-party identification (expand documentation): PASS Documented third-party inventory: sbom_including_elastic.json, fedramp_moderate_vendor_list.xlsx, Elasticsearch Inc._06.04.2024_Self_Attestation.pdf Manual Review: Check evidence_v2/KSI-TPR-01/ for third_party_inventory.xlsx, saas_services_list.pdf, and vendor_registry.pdf | H49: Partial | I49: Examined: 1. failed_ksi_Report_readable.md (git/validation folder) 2. continuous_ksi_results.json (git/results folder) 3. ksi_rules:KSI-TPR.01.md (docs/ksi_rules) Tested: 1. Validated KSI-TPR.01-cli_output.json (KSI-TPR.01)
A50: KSI-TPR | B50: Third-Party Information Resources | C50: KSI-TPR-02 | D50: A secure cloud service offering will understand, monitor, and manage supply chain risks from third party services or components. 02: Regularly confirm that services handling federal information or are likely to impact the confidentiality, integrity, or availability of federal information are FedRAMP authorized and securely configured. | E50: Primary validation through documentation: federal_data_service_inventory.xlsx, fedramp_authorization_verification.xlsx, service_security_configurations, regular_verification_process | F50: Manual | G50: Determination: Automation Results: None Manual Review: KSI-TPR.02 performed through manual inspection. | H50: TRUE | I50: Examined: 1. failed_ksi_Report_readable.md (git/validation folder) 2. continuous_ksi_results.json (git/results folder) 3. ksi_rules:KSI-TPR.02.md (docs/ksi_rules) Tested: 1. Validated KSI-TPR.02-cli_output.json (KSI-TPR.02) 2. Validated FedRAMP_Low_Boundary_Diagram.pdf (KSI-TPR.02) 3. Inspected Federal Information Mapping - Meridian LMS.pdf(KSI-TPR.02)
A51: KSI-TPR | B51: Third-Party Information Resources | C51: KSI-TPR-03 | D51: A secure cloud service offering will understand, monitor, and manage supply chain risks from third-party services or components. 03: Identify and prioritize mitigation of potential supply chain risks. | E51: Check evidence_v2/KSI-TPR-03/ for supply_chain_risk_assessment, risk_mitigation_plan, and vendor_risk_matrix.xlsx | F51: Manual | G51: Determination: Automation Results: None Manual Review: KSI-TPR.03 performed through manual inspection. | H51: TRUE | I51: Examined: 1. failed_ksi_Report_readable.md (git/validation folder) 2. continuous_ksi_results.json (git/results folder) 3. ksi_rules:KSI-TPR.03.md (docs/ksi_rules) Tested: 1. Validated KSI-TPR.03-cli_output.json (KSI-TPR.03) 2. Inspected Software Supply Chain Risk Management Framework (KSI-PIY-07).pdf
A52: KSI-TPR | B52: Third-Party Information Resources | C52: KSI-TPR-04 | D52: A secure cloud service offering will understand, monitor, and manage supply chain risks from third party services or components. 04: Monitor third party software information resources for upstream vulnerabilities, with contractual notification requirements or active monitoring services. | E52: aws inspector2 list-findings --max-results 20 --output json Check Inspector findings for third-party component vulnerabilities Check evidence_v2/KSI-TPR-04/ for vulnerability_monitoring_contracts.pdf, upstream_vulnerability_procedures.pdf, and third_party_notification_agreements.pdf | F52: Partially Automated | G52: Determination: Automation Results: PASS Third-party software vulnerability monitoring established: PASS Active third-party vulnerability monitoring: 20 component vulnerabilities detected PASS Manual evidence validation completed (vulnerability monitoring documentation verified) Manual Review: Check evidence_v2/KSI-TPR-04/ for vulnerability_monitoring_contracts.pdf, upstream_vulnerability_procedures.pdf, and third_party_notification_agreements.pdf | H52: TRUE | I52: Examined: 1. failed_ksi_Report_readable.md (git/validation folder) 2. continuous_ksi_results.json (git/results folder) 3. ksi_rules:KSI-TPR.04.md (docs/ksi_rules) Tested: 1. Validated KSI-TPR.04-cli_output.json (KSI-TPR.04)
A53: KSI-CED - Cybersecurity Education
A54: KSI-CED | B54: Cybersecurity Education | C54: KSI-CED-01 | D54: A secure cloud service provider will continuously educate their employees on cybersecurity measures, testing them regularly to ensure their knowledge is satisfactory. 01: Ensure all employees receive security awareness training | E54: Check evidence_v2/KSI-CED-01/ for security_awareness_training_program, employee_training_records.xlsx, training_completion_certificates, and annual_training_schedule | F54: Manual | G54: Determination: Automation Results: None Manual Review: KSI-CED.01 performed through manual inspection. | H54: TRUE | I54: Examined: 1. https://github.com/Meridian-Knowledge-Solutions/fedramp-20x-submission-final/tree/main/evidence_v2/KSI-CED-01 - cyber_security_Training.png - fedramp_role_based.png - security_training_roster.png 2. ksi_rules: KSI-CED.01.md (docs/ksi_rules) Tested: 1. Examined training records for Adam Bell, Adam Burroughs, Adrianna Bennett, Aubrey Zuro, Gabriel Crockett, Jake Silvers, James Hetzel, James Morris, Kirk Weir, Linda Sung, Quin Crease, Samuel Mbah, and Scott VanSooy.
A55: KSI-CED | B55: Cybersecurity Education | C55: KSI-CED-02 | D55: A secure cloud service provider will continuously educate their employees on cybersecurity measures, testing them regularly to ensure their knowledge is satisfactory. 02: Require role-specific training for high risk roles, including at least roles with privileged access. | E55: Check evidence_v2/KSI-CED-02/ for privileged_access_training, role_specific_training_matrix.xlsx, admin_security_training_records, and specialized_cybersecurity_curriculum | F55: Manual | G55: Determination: Automation Results: None Manual Review: KSI-CED.02 performed through manual inspection. | H55: TRUE | I55: Examined: 1. https://github.com/Meridian-Knowledge-Solutions/fedramp-20x-submission-final/tree/main/evidence_v2/KSI-CED-02 2. ksi_rules: KSI-CED.02.md (docs/ksi_rules) Tested: 1. Inspected the list of the role-based Meridian training, which includes: FedRAMP Privileged Access Management, FedRAMP Systems Admin Training, FedRAMP SecOPS Admin Training, and Insider Threat Awareness 2022
A56: KSI-RPL - Recovery Planning
A57: KSI-RPL | B57: Recovery Planning | C57: KSI-RPL-01 | D57: A secure cloud service offering will define, maintain, and test incident response plan(s) and recovery capabilities to ensure minimal service disruption and data loss during incidents and contingencies. 01: Define Recovery Time Objectives (RTO) and Recovery Point Objectives (RPO) | E57: aws rds describe-db-instances --query 'DBInstances[*].[DBInstanceIdentifier,BackupRetentionPeriod,LatestRestorableTime,PreferredBackupWindow]' --output json Validate RDS backup retention (BackupRetentionPeriod > 0) and point-in-time recovery capability for RPO validation aws backup list-backup-plans --output json Check backup plan frequency and retention alignment with documented RTO/RPO objectives Check evidence_v2/KSI-RPL-01/ for rto_rpo_definitions.pdf with actual infrastructure-validated objectives, business_impact_analysis.pdf, and recovery_objectives_matrix.xlsx | F57: Partially Automated | G57: Determination: Automation Results: PASS RTO/RPO objectives defined with technical validation: PASS Core RTO/RPO documentation: rto_rpo_definitions.pdf PASS RDS backup retention validated: 1/1 databases with BackupRetentionPeriod > 0 PASS Point-in-time recovery capability: 1/1 databases support RPO objectives PASS Backup infrastructure supports RTO/RPO: 1 backup plans configured Manual Review: Check evidence_v2/KSI-RPL-01/ for rto_rpo_definitions.pdf with actual infrastructure-validated objectives, business_impact_analysis.pdf, and recovery_objectives_matrix.xlsx | H57: Partial | I57: Examined: 1. Contingency Planning Policy (KSI-RPL-02) 2. Incident Response Policy (KSI-RPL-02) 3. ksi_rules: KSI-RPL.01.md (docs/ksi_rules) Tested: 1. Reviewed the Contingency Plan (KSI-RPL-01) 2. Inspected the Combined Tabletop Test Report (KSI-RPL-01) 3. RTO RPO Definitions (KSI-RPL-01) 4. Inspected the contingency plan test report (KSI-RPL-04)
A58: KSI-RPL | B58: Recovery Planning | C58: KSI-RPL-02 | D58: A secure cloud service offering will define, maintain, and test incident response plan(s) and recovery capabilities to ensure minimal service disruption and data loss during incidents and contingencies. 02: Develop and maintain a recovery plan that aligns with the defined recovery objectives | E58: aws rds describe-db-instances --query 'DBInstances[*].[DBInstanceIdentifier,DeletionProtection,BackupRetentionPeriod,PreferredMaintenanceWindow]' --output json Verify RDS recovery configuration aligns with documented recovery procedures aws backup describe-backup-plans --output json Validate backup plan configuration supports documented recovery procedures Check evidence_v2/KSI-RPL-02/ for disaster_recovery_plan.pdf (updated with technical validation), incident_response_plan.pdf, recovery_procedures_playbook.pdf, and business_continuity_plan.pdf | F58: Partially Automated | G58: Determination: Automation Results: WARNING Good recovery planning (enhance technical alignment): PASS Core recovery plans: incident_reponse_policy.pdf, contingency_planning_policy.pdf PASS Plan maintenance: 3 files updated within last year Manual Review: Check evidence_v2/KSI-RPL-02/ for disaster_recovery_plan.pdf (updated with technical validation), incident_response_plan.pdf, recovery_procedures_playbook.pdf, and business_continuity_plan.pdf | H58: TRUE | I58: Examined: 1. Contingency Planning Policy (KSI-RPL-02) 2. Incident Response Policy (KSI-RPL-02) 3. ksi_rules: KSI-RPL.02.md (docs/ksi_rules) Tested: 1. Reviewed the Contingency Plan (KSI-RPL-01) 2. Inspected the Combined Tabletop Test Report (KSI-RPL-01) 3. RTO RPO Definitions (KSI-RPL-01)
A59: KSI-RPL | B59: Recovery Planning | C59: KSI-RPL-03 | D59: A secure cloud service offering will define, maintain, and test incident response plan(s) and recovery capabilities to ensure minimal service disruption and data loss during incidents and contingencies. 03: Perform system backups aligned with recovery objectives | E59: aws backup list-backup-plans --output json Check AWS Backup plans for systematic backup implementation aws backup get-backup-plan --backup-plan-id $(aws backup list-backup-plans --query 'BackupPlansList[0].BackupPlanId' --output text) --output json Get detailed backup plan configuration including retention policies aws backup list-backup-jobs --by-state COMPLETED --max-results 20 --output json Validate recent successful backup operations and timing to prove backups are functioning aws rds describe-db-instances --query 'DBInstances[*].[DBInstanceIdentifier,BackupRetentionPeriod,DeletionProtection]' --output json Confirm RDS automated backup configuration and data protection settings aws ec2 describe-snapshots --owner-ids self --output json Validate EBS snapshots for system backup coverage | F59: Fully Automated | G59: Determination: Automation Results: PASS Comprehensive system backups with validated operations aligned with recovery objectives: PASS Backup infrastructure: 1 AWS Backup plans (ec2-backup-plan) PASS Excellent retention: 90 days (rule: daily-backup) PASS Regular backup schedule: cron(0 23 * * ? *) (rule: daily-backup) PASS Full retention compliance: 1/1 rules meet requirements PASS Recent backup execution validated: Last backup 23.3 hours ago proves active backup operations PASS RDS backup configuration: 1/1 databases with automated backups INFO No EBS snapshots (acceptable if using AWS Backup exclusively) Manual Testing: None | H59: TRUE | I59: Examined: 1. Contingency Planning Policy (KSI-RPL-02) 2. Incident Response Policy (KSI-RPL-02) 3. ksi_rules: KSI-RPL.03.md (docs/ksi_rules) Tested: 1. Inspected the cli_ouput.json (KSI-RPL-03)
A60: KSI-RPL | B60: Recovery Planning | C60: KSI-RPL-04 | D60: A secure cloud service offering will define, maintain, and test incident response plan(s) and recovery capabilities to ensure minimal service disruption and data loss during incidents and contingencies. 04: Regularly test the capability to recover from incidents and contingencies | E60: aws backup list-restore-jobs --max-results 20 --output json Document historical restore operations proving actual recovery testing has been performed aws backup list-backup-jobs --by-state COMPLETED --by-created-after 2024-05-01 --output json Show recent backup completions with timing data to validate recovery time objectives aws rds describe-db-instances --query 'DBInstances[*].[DBInstanceIdentifier,LatestRestorableTime,PreferredBackupWindow]' --output json Verify point-in-time recovery capability and backup timing for recovery testing validation Check evidence_v2/KSI-RPL-04/ for recovery_testing_procedures.pdf, disaster_recovery_test_results.xlsx with actual restore times, tabletop_exercise_reports.pdf, and recovery_lessons_learned.pdf | F60: Partially Automated | G60: Determination: Automation Results: PASS Good recovery testing capability (documented procedures + technical validation): PASS Core testing documentation: combined_tabletop_test_report_template.pdf PASS Recent testing: 2 test documents updated within last year PASS Recovery testing documented - technical validation shows readiness for actual recovery INFO No recent AWS Backup jobs (may use alternative backup methods) PASS Point-in-time recovery testing capability: 1/1 databases ready for RPO validation Manual Review: Check evidence_v2/KSI-RPL-04/ for recovery_testing_procedures.pdf, disaster_recovery_test_results.xlsx with actual restore times, tabletop_exercise_reports.pdf, and recovery_lessons_learned.pdf | H60: Partial | I60: Examined: 1. Contingency Planning Policy (KSI-RPL-02) 2. Incident Response Policy (KSI-RPL-02) 3. ksi_rules: KSI-RPL.04.md (docs/ksi_rules) Tested: 1. Inspected the contingency plan test report (KSI-RPL-04) 2. Inspected the Combined Tabletop Test Report (KSI-RPL-01)
A61: KSI-INR - Incident Reporting
A62: KSI-INR | B62: Incident Reporting | C62: KSI-INR-01 | D62: A secure cloud service offering will document, report, and analyze security incidents to ensure regulatory compliance and continuous security improvement. 01: Report incidents according to FedRAMP requirements and cloud service provider policies | E62: Check evidence_v2/KSI-INR-01/ for incident_reporting_procedures, fedramp_incident_reporting_policy, incident_notification_templates, and regulatory_compliance_procedures | F62: Manual | G62: Determination: Automation Results: None Manual Review: KSI-INR-01 performed through manual inspection. | H62: TRUE | I62: Examined: 1. Incident Reponse Policy and Procedures (KSI-INR-01) 2. Contingency Planning Policy (KSI-INR-01) 3. IR.zip containing combined_tabletop_test_report_template, contingency_plan, contingency_plan_test_report_example, contingency_test_plan, quick_reference_irp_guide (KSI-INR-01) 4. ksi_rules: KSI-INR.01.md (docs/ksi_rules) Tested: 1. Inspected the Combined Tabletop Test Report (KSI-INR-01) 2. Validated After Action Report and Lessons Learned (KSI-INR-03) 3. Inspected the automation output cli_output.json for documentation (KSI-INR-01) 4. Inspected the automation output cli_output.json for automation of the After Action Report (KSI-INR-03) 5. Inspected the Incident Tracking and Pattern Analysis System KSI-INR-02)
A63: KSI-INR | B63: Incident Reporting | C63: KSI-INR-02 | D63: A secure cloud service offering will document, report, and analyze security incidents to ensure regulatory compliance and continuous security improvement. 02: Maintain a log of incidents and periodically review past incidents for patterns or vulnerabilities | E63: aws logs describe-log-groups --log-group-name-prefix '/aws/security' --output json Check for security-related log groups for incident logging infrastructure Check evidence_v2/KSI-INR-02/ for incident_log_register.xlsx, incident_pattern_analysis.pdf, vulnerability_trend_reports.pdf, and periodic_incident_reviews.pdf | F63: Partially Automated | G63: Determination: Automation Results: PASS Incident logging maintained with periodic pattern analysis: PASS Security logging infrastructure: 1 security log groups configured PASS Incident tracking and analysis: Incident Tracking and Analysis Template (KSI-INR-02).pdf PASS Recent reviews: 1 incident analysis documents updated within 6 months Manual Review: Check evidence_v2/KSI-INR-02/ for incident_log_register.xlsx, incident_pattern_analysis.pdf, vulnerability_trend_reports.pdf, and periodic_incident_reviews.pdf | H63: TRUE | I63: Examined: 1. Incident Reponse Policy and Procedures.pdf (KSI-INR-01) 2. Contingency Planning Policy (KSI-INR-01) 3. ksi_rules: KSI-INR.02.md (docs/ksi_rules) Tested: 1. Inspected the Incident Tracking and Pattern Analysis System KSI-INR-02) 2. Inspected the automation output cli_output.json for incident patterns (KSI-INR-02)
A64: KSI-INR | B64: Incident Reporting | C64: KSI-INR-03 | D64: A secure cloud service offering will document, report, and analyze security incidents to ensure regulatory compliance and continuous security improvement. 03: Generate after action reports and regularly incorporate lessons learned into operations | E64: aws securityhub get-insights --output json Retrieve SecurityHub insights to identify available incident analysis capabilities aws securityhub get-insight-results --insight-arn arn:aws:securityhub:us-east-1:893894210484:insight/893894210484/custom/5bcb2cd3-64e4-4493-b0ea-0dd45ec3b08c --output json Get specific incident insight results for after action analysis - production account specific aws securityhub get-findings --filters '{"WorkflowState":[{"Value":"RESOLVED","Comparison":"EQUALS"}]}' --max-items 10 --output json Retrieve resolved security findings to demonstrate incident resolution and lessons learned aws securityhub describe-standards --output json Verify security standards are being tracked for continuous improvement Check evidence_v2/KSI-INR-03/ for after_action_reports.pdf, lessons_learned_database.xlsx, operational_improvements_tracking.pdf, and incident_response_improvements.pdf | F64: Partially Automated | G64: Determination: Automation Results: WARNING Basic after action reporting (increase lessons learned implementation): PASS Core after action documentation: Sample After Action Reports and Implementation Examples.pdf PASS Recent after action reports: 2 AARs within last year WARNING Limited evidence of lessons learned implementation into operations Manual Review: Check evidence_v2/KSI-INR-03/ for after_action_reports.pdf, lessons_learned_database.xlsx, operational_improvements_tracking.pdf, and incident_response_improvements.pdf | H64: TRUE | I64: Examined: 1. Incident Reponse Policy and Procedures.pdf (KSI-INR-01) 2. Contingency Planning Policy (KSI-INR-01) 3. ksi_rules: KSI-INR.03.md (docs/ksi_rules) Tested: 1. Inspected the AfterAction Report and Lessons Learned (KSI-INR-03) 2. Inspected the Sample After Action Reports and Implementation Examples (KSI-INR-03) 3. Inspected the automation output cli_output.json for IR tracking in SecurityHub (KSI-INR-03)

Sheet MAS Assessment
A1: Minimum Assessment Scope Validation
A3: Scope Definition
A4: Assessment Objective: | B4: Verify that the FedRAMP Minimum Assessment Scope is properly defined and includes all required information resources
A5: Test Method: | B5: Architecture Review, Data Flow Analysis, Third-Party Inventory Review, Automation Output
A6: Validation Status: | B6: Met and Validated
A7: Observations: | B7: Determination: Based on the KSI validation requirement, Fortreum determined that Meridian properly defines its minimum assessment scope. Fortreum reviewed the system architecture diagram, and the inventory showing all resources handling federal information, Software Bill of Materials tracking third-party services, federal data tagging implementation, and clear documentation of information flows between components, confirming comprehensive scope definition.
A8: Recommendations: | B8: N/A - Scope properly defined
A10: Category | B10: Rule ID | C10: Rule Text | D10: Validation Status | E10: 3PAO Observations/Test Results/Findings | F10: Evidence References
A11: Core Rules
A12: Core Rules | B12: FRR-MAS-01 | C12: Providers MUST establish a FedRAMP Minimum Assessment Scope that includes all information resources that are likely to handle federal information or likely to impact the confidentiality, integrity, or availability of federal information. | D12: TRUE | E12: Determination: Based on the MAS validation requirement, Fortreum determined that Meridian met the FRR-MAS-01 requirement. Fortreum reviewed the Meridian architecture diagram and inventory, confirming the comprehensive inclusion of all information resources that handle federal information or impact its confidentiality, integrity, or availability. | F12: continuous_ksi_results.json (git/results folder) https://meridian-knowledge-solutions.github.io/fedramp_20x_public_submission_live/
A13: Core Rules | B13: FRR-MAS-02 | C13: Providers MUST include the configuration and usage of third-party information resources, ONLY IF FRR-MAS-01 applies. | D13: TRUE | E13: Determination: Based on the MAS validation requirement, Fortreum concluded that Meridian met the FRR-MAS-02 requirement. Fortreum reviewed the Software Bill of Materials, documenting all third-party resources and checked AWS Config and CodeCommit tracking systems, confirming that the configuration and use of third-party information resources handling federal data are properly included in the assessment scope. | F13: continuous_ksi_results.json (git/results folder) https://meridian-knowledge-solutions.github.io/fedramp_20x_public_submission_live/
A14: Core Rules | B14: FRR-MAS-03 | C14: Providers MUST clearly identify and document the justification, mitigation measures, compensating controls, and potential impact to federal information from the configuration and usage of non-FedRAMP authorized third-party information resources, ONLY IF FRR-MAS-01 applies. | D14: TRUE | E14: Determination: Based on the MAS validation requirement, Fortreum determined that Meridian met the requirement. Fortreum analyzed risk assessment documentation for third-party resources and verified Service Control Policy enforcement, confirming that only FedRAMP authorized services are used and any non-authorized resources would be clearly documented with justifications and compensating controls. | F14: continuous_ksi_results.json (git/results folder) https://meridian-knowledge-solutions.github.io/fedramp_20x_public_submission_live/
A15: Core Rules | B15: FRR-MAS-04 | C15: Providers MUST include metadata (including metadata about federal information), ONLY IF FRR-MAS-01 applies. | D15: TRUE | E15: Determination: Based on the MAS validation requirement, Fortreum determined that Meridian met the requirement. Fortreum reviewed the implementation of federal data tagging through AWS Config rules, verifying that metadata about federal information is properly tracked and included in the assessment scope. | F15: continuous_ksi_results.json (git/results folder) https://meridian-knowledge-solutions.github.io/fedramp_20x_public_submission_live/
A16: Core Rules | B16: FRR-MAS-05 | C16: Providers MUST clearly identify, document, and explain information flows and impact levels for ALL information resources. | D16: TRUE | E16: Determination: Based on the MAS validation requirement, Fortreum determined that Meridian met the requirement. Fortreum examined the architecture diagram showing clear information flows between components and reviewed system documentation detailing impact levels, confirming comprehensive identification and documentation of all information resource flows and impacts. | F16: continuous_ksi_results.json (git/results folder) https://meridian-knowledge-solutions.github.io/fedramp_20x_public_submission_live/
A17: Application Guidance
A18: Application Guidance | B18: FRR-MAS-AY-01 | C18: Certain categories of cloud computing products and services are specified as entirely outside the scope of FedRAMP by the Director of the Office of Management and Budget. | D18: TRUE | E18: Determination: Based on the MAS validation requirement, Fortreum determined that Meridian met the requirement. Fortreum reviewed system documentation confirming that Meridian operates as a cloud service offering within FedRAMP scope and is not excluded by OMB directive. | F18: System Documentation
A19: Application Guidance | B19: FRR-MAS-AY-02 | C19: Software produced by cloud service providers that is delivered separately for installation on agency systems and not operated in a shared responsibility model is outside the Minimum Assessment Scope. | D19: TRUE | E19: Determination: Based on the MAS validation requirement, Fortreum determined that Meridian met the requirement. Fortreum examined the architecture documentation confirming that Meridian operates as a managed service with shared responsibility model rather than standalone software for agency installation. | F19: Architecture Documentation
A20: Application Guidance | B20: FRR-MAS-AY-03 | C20: Information resources (including third-party information resources) that do not meet the conditions in FRR-MAS-01 are outside the Minimum Assessment Scope. | D20: TRUE | E20: Determination: Based on the MAS validation requirement, Fortreum determined that Meridian met the requirement. Fortreum analyzed the scope documentation verifying that the assessment scope is properly limited to only those information resources that handle federal information or impact its confidentiality, integrity, or availability. | F20: Scope Documentation
A21: Application Guidance | B21: FRR-MAS-AY-04 | C21: Information resources (including third-party information resources) MAY vary by impact level as appropriate to the level of information handled or impacted by the information resource. | D21: TRUE | E21: Determination: Based on the MAS validation requirement, Fortreum determined that Meridian met the requirement. Fortreum reviewed the system categorization documentation confirming that the low impact level is consistently and appropriately applied across all information resources based on the level of information handled. | F21: System Categorization
A22: Application Guidance | B22: FRR-MAS-AY-05 | C22: All parties SHOULD review best practices and technical assistance provided separately by FedRAMP for help with applying the Minimum Assessment Scope as needed. | D22: TRUE | E22: Determination: Based on the MAS validation requirement, Fortreum determined that Meridian met the requirement. Fortreum examined implementation documentation demonstrating that FedRAMP best practices and technical assistance guidance have been reviewed and applied throughout the system implementation. | F22: Implementation Documentation
A23: Exceptions
A24: Exceptions | B24: FRR-MAS-EX-01 | C24: Providers MAY include documentation of information resources beyond the Minimum Assessment Scope, or even entirely outside the scope of FedRAMP, in a FedRAMP assessment and authorization package supplement. | D24: Not Applicable | E24: Determination: Based on the MAS validation requirement, Fortreum determined that this exception rule is not applicable to Meridian. Fortreum confirmed through documentation review that no information resources beyond the minimum assessment scope have been included in the assessment package. | F24: N/A

Sheet Evidence Tracker
A1: Evidence Tracking Log
A3: Source | B3: Related ID | C3: Evidence Reference | D3: Evidence Type | E3: Description
A4: KSI | B4: KSI-CNA | C4: (KSI-CNA.**) | D4: Automated Json md descrtiptions files | E4: 1. failed_ksi_Report_readable.md (git/validation folder) 2. continuous_ksi_results.json (git/results folder) 3, ksi_rules:KSI-CNA.01.md (docs/ksi_rules) 4. KSI-CNA.01-cli_output.json (KSI-CNA.01) 5. ksi_rules:KSI-CNA.02.md (docs/ksi_rules) 6. KSI-CNA.02-cli_output.json (KSI-CNA.02) 7. ksi_rules:KSI-CNA.03.md (docs/ksi_rules) 8. KSI-CNA.03-cli_output.json (KSI-CNA.03) 9. ksi_rules:KSI-CNA.04.md (docs/ksi_rules) 10. KSI-CNA.04-cli_output.json (KSI-CNA.04) 11. ksi_rules:KSI-CNA.05.md (docs/ksi_rules) 12. KSI-CNA.05-cli_output.json (KSI-CNA.05) 13. ksi_rules:KSI-CNA.06.md (docs/ksi_rules) 14. KSI-CNA.06-cli_output.json (KSI-CNA.06) 15. ksi_rules:KSI-CNA.07.md (docs/ksi_rules) 16. KSI-CNA.07-cli_output.json (KSI-CNA.07)
A5: KSI | B5: KSI-SVC | C5: (KSI-SVC.**) | D5: Automated Json md descrtiptions files | E5: 1. failed_ksi_Report_readable.md (git/validation folder) 2. continuous_ksi_results.json (git/results folder) 3. ksi_rules:KSI-SVC.01.md (docs/ksi_rules) 4. KSI-SVC.01-cli_output.json (KSI-SVC.01) 5. ksi_rules:KSI-SVC.02.md (docs/ksi_rules) 6. KSI-SVC.02-cli_output.json (KSI-SVC.02) 7. ksi_rules:KSI-SVC.03.md (docs/ksi_rules) 8. KSI-SVC.03-cli_output.json (KSI-SVC.03) 9. ksi_rules:KSI-SVC.04.md (docs/ksi_rules) 10. KSI-SVC.04-cli_output.json (KSI-SVC.04) 11. ksi_rules:KSI-SVC.05.md (docs/ksi_rules) 12. KSI-SVC.05-cli_output.json (KSI-SVC.05) 13. ksi_rules:KSI-SVC.06.md (docs/ksi_rules) 14. KSI-SVC.06-cli_output.json (KSI-SVC.06) 15. ksi_rules:KSI-SVC.7.md (docs/ksi_rules) 16. KSI-SVC.7-cli_output.json (KSI-SVC.7)
A6: KSI | B6: KSI-IAM | C6: (KSI-IAM.**) | D6: Automated Json md descrtiptions files | E6: 1. failed_ksi_Report_readable.md (git/validation folder) 2. continuous_ksi_results.json (git/results folder) 3. ksi_rules:KSI-IAM.01.md (docs/ksi_rules) 4. KSI-IAM.01-cli_output.json (KSI-IAM.01) 5. ksi_rules:KSI-IAM.02.md (docs/ksi_rules) 6. KSI-IAM.02-cli_output.json (KSI-IAM.02) 7. ksi_rules:KSI-IAM.03.md (docs/ksi_rules) 8. KSI-IAM.03-cli_output.json (KSI-IAM.03) 9. ksi_rules:KSI-IAM.04.md (docs/ksi_rules) 10. KSI-IAM.04-cli_output.json (KSI-IAM.04) 11. ksi_rules:KSI-IAM.05.md (docs/ksi_rules) 12. KSI-IAM.05-cli_output.json (KSI-IAM.05) 13. ksi_rules:KSI-IAM.06.md (docs/ksi_rules) 14. KSI-IAM.06-cli_output.json (KSI-IAM.06)
A7: KSI | B7: KSI-MLA | C7: (KSI-MLA**) | D7: Automated Json md descrtiptions files | E7: 1. failed_ksi_Report_readable.md (git/validation folder) 2. continuous_ksi_results.json (git/results folder) 3. ksi_rules:KSI-MLA.01.md (docs/ksi_rules) 4. KSI-MLA.01-cli_output.json (KSI-MLA.01) 5. ksi_rules:KSI-MLA.02.md (docs/ksi_rules) 6. KSI-MLA.02-cli_output.json (KSI-MLA.02) 7. ksi_rules:KSI-MLA.03.md (docs/ksi_rules) 8. KSI-MLA.03-cli_output.json (KSI-MLA.03) 9. ksi_rules:KSI-MLA.04.md (docs/ksi_rules) 10. KSI-MLA.04-cli_output.json (KSI-MLA.04) 11. ksi_rules:KSI-MLA.05.md (docs/ksi_rules) 12. KSI-MLA.05-cli_output.json (KSI-MLA.05) 13. ksi_rules:KSI-MLA.06.md (docs/ksi_rules) 14. KSI-MLA.06-cli_output.json (KSI-MLA.06)
A8: KSI | B8: KSI-CMT | C8: (KSI-CMT.**) | D8: Automated Json md descrtiptions files CM Policies & Procedures CM Plan Impact Analysis | E8: 1. failed_ksi_Report_readable.md (git/validation folder) 2. continuous_ksi_results.json (git/results folder) 3. ksi_rules:KSI-CMT.01.md (docs/ksi_rules) 4. KSI-CMT.01-cli_output.json (KSI-CMT.01) 5. ksi_rules:KSI-CMT.02.md (docs/ksi_rules) 6. KSI-CMT.02-cli_output.json (KSI-CMT.02) 7. ksi_rules:KSI-CMT.03.md (docs/ksi_rules) 8. KSI-CMT.03-cli_output.json (KSI-CMT.03) 9. ksi_rules:KSI-CMT.04.md (docs/ksi_rules) 10. KSI-CMT.04-cli_output.json (KSI-CMT.04) 11. ksi_rules:KSI-CMT.05.md (docs/ksi_rules) 12. KSI-CMT.05-cli_output.json (KSI-CMT.05) 13. automated_testing_proof.json (KSI-CMT.03) 14. Chedkov_scan_summary.json (KSI-CMT.03) 15. configuration_management_plan (KSI-CMT.04) 16. configuration_management_policy_and_procedures (KSI-CMT.04) 17. weekly_change_management_meeting_final.png (KSI-CMT.04) 18. Change Impact Analysis Template (KSI-CMT-05) 19. Risk Assessment Procedure for Change Management (KSI-CMT-05)
A9: KSI | B9: KSI-PIY | C9: (KSI-PIY.**) | D9: Automated Json md descrtiptions files Policu and Procedures SBOM SR Framework CCB Meetings | E9: 1. failed_ksi_Report_readable.md (git/validation folder) 2. continuous_ksi_results.json (git/results folder) 3. ksi_rules:KSI-PIY.01.md (docs/ksi_rules) 4. KSI-PIY.01-cli_output.json (KSI-PIY.01) 5. ksi_rules:KSI-PIY.02.md (docs/ksi_rules) 6. KSI-PIY.02-cli_output.json (KSI-PIY.02) 7. ksi_rules:KSI-PIY.03.md (docs/ksi_rules) 8. KSI-PIY.03-cli_output.json (KSI-PIY.03) 9. ksi_rules:KSI-PIY.04.md (docs/ksi_rules) 10. KSI-PIY.04-cli_output.json (KSI-PIY.04) 11. ksi_rules:KSI-PIY.05.md (docs/ksi_rules) 12. KSI-PIY.05-cli_output.json (KSI-PIY.05) 13. ksi_rules:KSI-PIY.06.md (docs/ksi_rules) 14. KSI-PIY.06-cli_output.json (KSI-PIY.06) 15. ksi_rules:KSI-PIY.7.md (docs/ksi_rules) 16. KSI-PIY.7-cli_output.json (KSI-PIY.7) 17. data_classification_handling_policy (KSI-PIY.02) 18. personnel_security_policy (KSI-PIY.02) 19. security_policy_collection_repository.zip (KSI-PIY.02) 20. Information Resource Evaluation Methodology (KSI-PIY-05) 21. security_budget_allocation_and_roles (KSI-PIY.06) 22. Software Supply Chain Risk Management Framework (KSI-PIY-07) 23. Inspected weekly_change_management_meeting_final.png
A10: KSI | B10: KSI-TPR | C10: (KSI-TPR.**) | D10: Automated Json md descrtiptions files ABD Diagram SR Report LMS Report | E10: 1. failed_ksi_Report_readable.md (git/validation folder) 2. continuous_ksi_results.json (git/results folder) 3. ksi_rules:KSI-TPR.01.md (docs/ksi_rules) 4. KSI-TPR.01-cli_output.json (KSI-TPR.01) 5. ksi_rules:KSI-TPR.02.md (docs/ksi_rules) 6. KSI-TPR.02-cli_output.json (KSI-TPR.02) 7. ksi_rules:KSI-TPR.03.md (docs/ksi_rules) 8. KSI-TPR.03-cli_output.json (KSI-TPR.03) 9. ksi_rules:KSI-TPR.04.md (docs/ksi_rules) 10. KSI-TPR.04-cli_output.json (KSI-TPR.04) 11. FedRAMP_Low_Boundary_Diagram.pdf (KSI-TPR.02) 12. Federal Information Mapping - Meridian LMS.pdf(KSI-TPR.02) 13. Inspected Software Supply Chain Risk Management Framework (KSI-PIY-07)
A11: KSI | B11: KSI-CED | C11: (KSI-CED.**) | D11: Training Screenshots Training Records | E11: 1. https://github.com/Meridian-Knowledge-Solutions/fedramp-20x-submission-final/tree/main/evidence_v2/KSI-CED-01 - cyber_security_Training.png - fedramp_role_based.png - security_training_roster.png 2. ksi_rules: KSI-CED.01.md (docs/ksi_rules) 3. Examined training records for Adam Bell, Adam Burroughs, Adrianna Bennett, Aubrey Zuro, Gabriel Crockett, Jake Silvers, James Hetzel, James Morris, Kirk Weir, Linda Sung, Quin Crease, Samuel Mbah, and Scott VanSooy.
A12: KSI | B12: KSI-RPL | C12: (KSI-RPL.**) | D12: Automated Json md descrtiptions files CP Reports | E12: 1. failed_ksi_Report_readable.md (git/validation folder) 2. continuous_ksi_results.json (git/results folder) 3. ksi_rules:KSI-RPL.01.md (docs/ksi_rules) 4. KSI-RPL.01-cli_output.json (KSI-RPL.01) 5. ksi_rules:KSI-RPL.02.md (docs/ksi_rules) 6. KSI-RPL.02-cli_output.json (KSI-RPL.02) 7. ksi_rules:KSI-RPL.03.md (docs/ksi_rules) 8. KSI-RPL.03-cli_output.json (KSI-RPL.03) 9. ksi_rules:KSI-RPL.04.md (docs/ksi_rules) 10. contingency plan test report (KSI-RPL-04) 11, Contingency Plan (KSI-RPL-01) 12. Combined Tabletop Test Report (KSI-RPL-01) 13. RTO RPO Definitions (KSI-RPL-01) 14. contingency plan test report (KSI-RPL-04)
A13: KSI | B13: KSI-INR | C13: (KSI-INR.**) | D13: Automated Json md descrtiptions files IR Reports | E13: 1. failed_ksi_Report_readable.md (git/validation folder) 2. continuous_ksi_results.json (git/results folder) 3. ksi_rules:KSI-INC.01.md (docs/ksi_rules) 4. KSI-INC.01-cli_output.json (KSI-INC.01) 5. ksi_rules:KSI-INC.02.md (docs/ksi_rules) 6. KSI-INC.02-cli_output.json (KSI-INC.02) 7. ksi_rules:KSI-INC.03.md (docs/ksi_rules) 8. KSI-INC.03-cli_output.json (KSI-INC.03) 9. ksi_rules:KSI-INC.04.md (docs/ksi_rules) 10. contingency plan test report (KSI-INC-04) 11. Combined Tabletop Test Report (KSI-INC-01) 12. After Action Report and Lessons Learned (KSI-INR-03) 13. Incident Tracking and Pattern Analysis System KSI-INR-02)

Sheet Findings & Recommendations
A1: Assessment Findings & Recommendations
A3: Type | B3: ID | C3: Name | D3: Status | E3: Recommendation
A4: Warning | B4: SVC-W01 MLA-W01 | C4: SSM Agents Not Connected | D4: Open | E4: WARNING Instances registered with SSM but none online EC2 instances are successfully registered with AWS Systems Manager (SSM), they are currently not in a state where they can be managed or accessed through SSM. This typically means that the instances appear in the Systems Manager console, but they are not actively communicating with the SSM service. Fortreum views this as a configuration issue and not a risk.
A5: Warning | B5: MLA-W01 | C5: AWS Config | D5: Open | E5: WARNING No Config rules for infrastructure evaluation AWS Config is enabled in the MKS account, but there are currently no active Config rules set up to evaluate the compliance of the MKS infrastructure resources. AWS Config is a service that continuously monitors and records your AWS resource configurations and allows you to assess them against desired configurations using rules. Fortreum recommends that Meridian work to enable the config rules to evaluate the MKS resources.
A6: Warning | B6: CMT-W01 | C6: Lambda Functions | D6: Open | E6: WARNING Lambda functions found but not using versioning for immutability AWS Lambda functions are deployed without using versioning, which is a key practice for maintaining immutable infrastructure. Fortreum recommends versioning Lambda functions to mature the development practice.
A7: Warning | B7: CMT-W02 | C7: MKS Envrionment | D7: Open | E7: WARNING No launch templates for immutable instance deployment The MKS environment is not using launch templates to manage EC2 instance configurations, which is a recommended best practice for implementing immutable infrastructure. Fortreum recommends that Meridian work on the CI/CD development flow replacing instances entirely rather modifying them in place. As the environment is new, this considered to be a maturity of the SDLC practice.
A8: Warning | B8: PIY-W01 | C8: Inventory Automation | D8: Open | E8: WARNING Partial inventory coverage (expand documentation): PASS AWS resource inventory: 73 tagged resources discovered. Fortreum recommends fixing the AWS inventory rule. Reviewed the inventory manually. WARNING Basic secure development practices (expand documentation): INFO No CodeCommit repositories (may use external source control). Fortreum recommends maturing the development practice.
